personnel_id,first_name,last_name,dob,gender,address,city,state,postcode
80-3328214,Lisette,Spata,27/01/1981,F,6767 Debs Place,Eastern Suburbs Mc,New South Wales,1391
58-0369652,Ingar,Cassedy,27/09/1980,M,97 Crowley Court,Sydney,New South Wales,1196
48-6960136,Liesa,Hasell,03/11/1985,F,60 Clove Hill,Sydney,New South Wales,1028
12-5241619,Morna,Thornton,17/08/1978,F,868 Hayes Terrace,Hobart,Tasmania,7803
69-7711375,Marlene,Layborn,03/05/1987,F,837 Manley Center,Eastern Suburbs Mc,New South Wales,1315
29-5074257,Prince,Budibent,05/05/1988,M,8 Twin Pines Street,Adelaide,South Australia,5839
52-6071312,Theodora,McCrainor,08/08/1975,F,0 Hintze Alley,Eastern Suburbs Mc,New South Wales,1391
31-3957221,Lynette,Dregan,03/01/1980,F,450 Vermont Trail,Adelaide,South Australia,5839
31-2293300,Drona,Dallemore,13/02/1971,F,8 Westridge Hill,Hobart,Tasmania,7803
49-5725912,Coleman,Genn,26/02/1975,M,361 Hudson Street,Perth,Western Australia,6817
65-0730149,Kaylyn,MacAlpine,03/12/1972,F,672 Truax Trail,Sydney,New South Wales,1009
57-3774874,Albie,Hamman,27/12/1989,M,746 Jenna Crossing,Launceston,Tasmania,7904
02-0795632,Tonia,Margaret,03/03/1983,F,1 Walton Street,Melbourne,Victoria,8045
12-0068018,Kristal,Feathersby,13/09/1978,F,1814 Scofield Court,Sydney South,New South Wales,1235
57-8183641,Minne,Ekins,26/09/1986,F,663 Glendale Alley,Sydney,New South Wales,1206
93-2225857,Diena,Van Der Weedenburg,24/04/1971,F,216 American Ash Drive,Adelaide Mail Centre,South Australia,5874
08-2559144,Carlota,Saing,05/06/1989,F,229 Sycamore Drive,Northern Suburbs Mc,New South Wales,1694
66-0859405,Norean,Kleewein,14/02/1973,F,064 Bartillon Park,Sydney,New South Wales,1120
80-4765815,Rene,Pentland,12/12/1979,M,39437 Carey Circle,Adelaide,South Australia,5839
27-6904650,Miguel,Brommage,04/07/1985,M,1088 Emmet Center,Sydney,New South Wales,1196
04-2161220,Mylo,Perche,25/02/1971,M,95457 Colorado Center,Eastern Suburbs Mc,New South Wales,1391
13-6199397,Marty,Gemeau,07/12/1970,M,5 Almo Road,Adelaide Mail Centre,South Australia,5899
03-8543819,Nikki,Greaser,24/03/1970,M,630 Sommers Park,Brisbane,Queensland,9010
53-6981952,Neils,Bachelar,12/10/1985,M,481 Lake View Pass,Sydney,New South Wales,1206
07-1113650,Dick,Skotcher,11/02/1983,M,2406 Luster Lane,Brisbane,Queensland,9010
60-1627525,Emily,Kittles,12/12/1974,F,224 Elka Crossing,Sydney,New South Wales,1134
80-7920797,Darren,Ambler,02/04/1975,M,17382 Loeprich Point,Sydney South,New South Wales,1235
81-2752401,Charlean,Alcoran,30/06/1974,F,43 Sunfield Way,Sydney,New South Wales,1134
96-7201464,Rosanne,McKechnie,17/12/1979,F,994 Brown Park,Sydney,New South Wales,1130
55-1221628,Mathe,Alfonsetti,09/06/1982,M,0281 Carpenter Trail,Sydney,New South Wales,1206
49-3009345,Georgianne,Zuann,17/02/1987,F,1704 Burning Wood Plaza,Sydney South,New South Wales,1235
55-0473078,Kit,Wixon,01/01/1979,M,99149 Tony Drive,Sydney,New South Wales,1009
11-5007491,Jim,Janes,26/07/1981,M,25 Dawn Center,Adelaide Mail Centre,South Australia,5869
69-4802311,Selma,Gossan,15/02/1989,F,835 Iowa Center,Adelaide Mail Centre,South Australia,5869
18-1377352,Jillian,Hallatt,05/04/1986,F,27 Sutherland Center,Sydney,New South Wales,1028
26-7014353,Dorrie,Loadsman,20/05/1973,F,836 Chinook Crossing,Launceston,Tasmania,7904
62-2726205,Hunt,Mees,02/07/1983,M,124 Walton Lane,Melbourne,Victoria,8045
43-1502722,Trip,Lintott,13/03/1989,M,50739 Dorton Drive,Eastern Suburbs Mc,New South Wales,1325
02-5555461,Zenia,Newbury,28/03/1979,F,6 Laurel Junction,Sydney,New South Wales,1181
02-4265351,Goldie,Bloxam,31/03/1974,F,9012 Toban Crossing,Sydney,New South Wales,1181
95-0930933,Gratiana,Van de Castele,11/09/1975,F,03 Mallard Lane,Sydney,New South Wales,1191
56-9617606,Al,Lamke,21/08/1977,M,99 Homewood Alley,Adelaide Mail Centre,South Australia,5889
64-8870965,Devan,Kruszelnicki,28/03/1986,F,03059 Ludington Lane,Sydney,New South Wales,1191
15-3140135,Wilmette,Rockhill,24/06/1988,F,9675 Marcy Alley,Launceston,Tasmania,7916
23-6312765,Roanne,Driffill,09/07/1985,F,13590 Truax Plaza,Melbourne,Victoria,8383
94-7721767,Lilian,Son,28/10/1989,F,375 Forest Dale Center,Hobart,Tasmania,7803
20-6820962,Ozzie,Hallmark,08/04/1988,M,4 Pierstorff Place,Sydney,New South Wales,1109
62-6318337,Yelena,Howland,15/11/1982,F,0 Muir Court,Brisbane,Queensland,9010
09-6013429,Allison,Spada,29/02/1976,F,2705 Charing Cross Hill,Hobart,Tasmania,7808
64-9354649,Chicky,A'Barrow,01/01/1981,M,340 Manitowish Terrace,Sydney,New South Wales,1028
67-3071202,Thomasa,Melmore,03/08/1983,F,70 Derek Trail,Sydney,New South Wales,1033
28-9912806,Bern,Neumann,08/07/1972,M,20 Porter Crossing,Sydney,New South Wales,1134
39-7403341,Pete,Vigurs,09/12/1974,M,901 Carberry Center,Adelaide Mail Centre,South Australia,5869
89-6954193,Melvin,Koschke,08/01/1989,M,3043 Northfield Hill,Sydney,New South Wales,1171
20-8512936,Samson,Regglar,25/06/1977,M,82 Sachs Lane,Sydney,New South Wales,1191
44-1920998,Ernesto,Cinelli,15/08/1974,M,2083 Bluejay Lane,Sydney,New South Wales,1140
00-1905884,Bat,McNirlan,27/01/1972,M,7857 Hoepker Parkway,Adelaide Mail Centre,South Australia,5874
76-9577150,Corrina,McKeurtan,12/02/1985,F,91991 Spaight Court,Sydney,New South Wales,1161
01-2380097,Lottie,Upcraft,05/07/1980,F,02 Eggendart Park,Brisbane,Queensland,9010
71-3225118,Kirk,Ossenna,11/05/1984,M,6 North Crossing,Adelaide Mail Centre,South Australia,5899
86-7328475,Ag,Moncreiffe,05/12/1989,F,6 Northridge Trail,Melbourne,Victoria,8383
82-2538129,Xylina,Ordidge,12/11/1972,F,8 Pearson Crossing,Melbourne,Victoria,8045
76-9105501,Essie,Bartram,05/07/1987,F,419 Myrtle Place,Northern Suburbs Mc,New South Wales,1694
41-0608809,Janeen,Capenor,14/09/1982,F,29014 Harper Road,Eastern Suburbs Mc,New South Wales,1325
40-9097487,Hetti,Stannett,09/03/1981,F,02 Ridge Oak Park,Sydney,New South Wales,1120
78-3250640,Killie,Timbrell,19/02/1979,M,75614 Truax Road,Sydney,New South Wales,1043
06-5570747,Casper,Golt,09/08/1982,M,5642 Donald Lane,Sydney,New South Wales,1181
26-5706125,Aymer,Sannes,05/02/1974,M,7620 Barby Parkway,Perth,Western Australia,6817
02-8007813,Colette,Pierucci,10/08/1981,F,340 Johnson Center,Sydney South,New South Wales,1235
47-3688859,Dwayne,Yakovl,29/10/1978,M,5 Badeau Place,Hobart,Tasmania,7803
91-2444697,Rosetta,Merioth,13/06/1974,F,0926 Porter Pass,Sydney,New South Wales,1130
30-8012818,Say,McCleverty,26/09/1976,M,4303 Veith Trail,Melbourne,Victoria,8045
20-1813050,Kati,Yarranton,06/01/1984,F,1246 Coolidge Court,Adelaide Mail Centre,South Australia,5899
41-4164200,Jerald,Martynov,27/04/1983,M,7 Barby Drive,Sydney,New South Wales,1120
19-1352358,Jase,Mander,07/11/1987,M,03 Buena Vista Junction,Sydney,New South Wales,1028
35-0645961,Cookie,Edleston,05/09/1974,F,2 Grasskamp Terrace,Sydney,New South Wales,1009
78-1925475,Brenden,Chubb,23/07/1982,M,9 Macpherson Way,Hobart,Tasmania,7803
39-5714613,Shoshanna,Tull,30/05/1973,F,985 Oak Valley Court,Sydney,New South Wales,1196
32-1284512,Querida,Haselup,26/10/1975,F,07808 Surrey Hill,Sydney,New South Wales,1196
28-1623021,Dolores,Govett,02/12/1985,F,1133 Fairfield Drive,Launceston,Tasmania,7904
40-4041172,Roderick,Renol,15/05/1980,M,8681 Cordelia Place,Perth,Western Australia,6817
78-3355025,Neal,Paolillo,29/06/1978,M,014 Brickson Park Lane,Hobart,Tasmania,7808
86-2714182,Carma,Patriche,23/08/1977,F,37864 Green Point,Adelaide Mail Centre,South Australia,5869
01-3680950,Hart,Janusz,19/06/1971,M,69 Lighthouse Bay Junction,Sydney,New South Wales,1171
68-3469712,Debra,Youle,27/12/1973,F,7899 East Point,Strawberry Hills,New South Wales,1424
49-5417263,Silvan,Stoggell,04/11/1972,M,03 Bunker Hill Court,Adelaide Mail Centre,South Australia,5874
87-7980267,Osmund,Feasby,09/04/1978,M,8 Hallows Terrace,Adelaide Mail Centre,South Australia,5874
24-4668021,Purcell,Ecles,13/05/1987,M,33 Washington Drive,Sydney,New South Wales,1043
31-2391946,Lavena,Jarville,28/10/1971,F,7 Mccormick Place,Sydney,New South Wales,1140
37-3238544,Blancha,Medwell,14/05/1973,F,610 Roth Way,Adelaide Mail Centre,South Australia,5869
30-8555138,Glendon,Loudyan,19/02/1971,M,95 Coolidge Circle,Sydney,New South Wales,1028
45-0506585,Karly,Viste,23/03/1976,F,9464 Goodland Terrace,Brisbane,Queensland,9010
24-5552545,Suzann,Kinsell,20/02/1977,F,342 Stoughton Court,Sydney,New South Wales,1140
07-9498668,Tobe,Joinsey,25/10/1989,F,5518 Tennessee Circle,Adelaide,South Australia,5839
66-4911899,Jesse,Rapinett,11/08/1971,M,6 Merry Crossing,Perth,Western Australia,6843
36-7360640,Janeczka,Newns,09/10/1977,F,99 Dawn Road,Perth,Western Australia,6817
99-6163623,Bamby,Corrin,24/09/1988,F,89 Sherman Court,Adelaide Mail Centre,South Australia,5874
15-1369458,Florence,Willisch,27/12/1975,F,333 Jay Parkway,Sydney,New South Wales,1120
90-7077960,Debor,Hay,02/09/1976,F,93256 Logan Hill,Sydney,New South Wales,1206
36-1079541,Noll,Skurm,15/07/1971,M,433 Amoth Alley,Perth,Western Australia,6817
06-4124741,Druci,Monday,18/07/1973,F,4905 New Castle Drive,Sydney,New South Wales,1206
70-2812540,Caryl,Adair,06/04/1971,M,4 Amoth Center,Melbourne,Victoria,8383
67-2704569,Wainwright,Scud,07/12/1981,M,7 Holmberg Plaza,Adelaide,South Australia,5839
36-4030039,Dilly,Koubu,13/08/1976,M,1 Mockingbird Crossing,Eastern Suburbs Mc,New South Wales,1315
29-6451439,Rosana,Regler,01/10/1974,F,527 Londonderry Way,Eastern Suburbs Mc,New South Wales,1315
10-2160714,Winnah,Norres,10/07/1982,F,577 Wayridge Court,Hobart,Tasmania,7808
44-3539704,Lilias,McPhelimy,17/02/1982,F,829 Pearson Crossing,Sydney,New South Wales,1043
38-8566209,Eldin,Covill,15/06/1986,M,80 Amoth Junction,Strawberry Hills,New South Wales,1424
76-4274499,Alfred,Sinyard,06/06/1980,M,88 Division Place,Sydney,New South Wales,1033
67-8787698,Ruttger,MacKean,12/07/1971,M,4011 Green Ridge Avenue,Adelaide Mail Centre,South Australia,5869
45-9007309,Derward,Lukas,24/05/1972,M,8 Declaration Street,Sydney,New South Wales,1009
74-3133549,Morten,Thirlaway,01/12/1972,M,06680 Warner Point,Sydney,New South Wales,1196
16-9491842,Kaia,Gavozzi,15/12/1984,F,59105 Maryland Crossing,Sydney,New South Wales,1134
90-5739712,Daveen,Van Bruggen,27/07/1974,F,5869 Spenser Point,Sydney South,New South Wales,1235
98-3797615,Pippo,Westbrook,06/01/1986,M,60 Northport Junction,Adelaide Mail Centre,South Australia,5869
44-8579835,Florinda,Fanton,08/01/1972,F,2753 Troy Junction,Brisbane,Queensland,9010
00-8456629,Marysa,De Cristofalo,03/10/1981,F,9326 Claremont Lane,Sydney,New South Wales,1109
56-7358944,Miles,Graveson,04/10/1978,M,4482 Village Green Plaza,Sydney South,New South Wales,1235
61-5856024,Wendy,Forcer,28/06/1976,F,31 Holy Cross Way,Perth,Western Australia,6843
44-4430854,Estrella,Paddle,23/05/1970,F,9019 Dryden Court,Sydney,New South Wales,1009
57-2441269,Patten,Holston,13/02/1973,M,893 Quincy Pass,Sydney,New South Wales,1033
59-3339438,Susanetta,Zanelli,16/09/1973,F,3 Reinke Street,Hobart,Tasmania,7808
19-1792606,Elvira,Clutton,07/11/1983,F,7231 Walton Center,Eastern Suburbs Mc,New South Wales,1391
19-0931980,Boote,Fury,16/06/1982,M,5 Montana Circle,Adelaide Mail Centre,South Australia,5889
77-5465106,Wallis,Brosi,15/02/1983,M,94 Dwight Place,Strawberry Hills,New South Wales,1424
55-4300729,Engracia,Glynne,11/01/1989,F,3 Continental Avenue,Australia Square,New South Wales,1213
40-5196115,Agnella,John,29/08/1971,F,31490 Welch Park,Sydney,New South Wales,1140
56-6649469,Beale,Edmondson,14/01/1989,M,6502 Loomis Alley,Sydney South,New South Wales,1235
70-0324853,Astrix,Budibent,31/03/1980,F,7353 Nevada Place,Perth,Western Australia,6817
10-2551430,Sunshine,Keggin,14/12/1989,F,19 7th Junction,Hobart,Tasmania,7808
37-4859621,Troy,Aked,17/11/1979,M,890 David Court,Launceston,Tasmania,7916
23-6221073,Trenna,Frary,24/05/1975,F,03 Kings Trail,Eastern Suburbs Mc,New South Wales,1325
30-1831056,Conroy,Bennough,02/07/1973,M,73 Algoma Park,Hobart,Tasmania,7803
49-1642881,Renard,MacMickan,02/02/1978,M,8202 Summit Alley,Adelaide Mail Centre,South Australia,5899
68-1797480,Gregoor,House,24/05/1983,M,47 Kingsford Terrace,Sydney,New South Wales,1171
21-8690927,Salomi,Caudelier,05/01/1971,F,642 Atwood Crossing,Eastern Suburbs Mc,New South Wales,1325
72-5452710,Kacey,Shardlow,28/11/1985,F,0 Homewood Trail,Perth,Western Australia,6817
38-2980358,Briney,Croizier,14/07/1984,F,346 Welch Terrace,Sydney,New South Wales,1130
22-2122053,Barton,McKinley,20/01/1982,M,81 Ronald Regan Way,Perth,Western Australia,6843
60-1725427,Noami,Fevier,20/12/1988,F,1350 Mccormick Street,Sydney,New South Wales,1181
18-7498727,Mae,Hollingsby,02/02/1982,F,2165 Annamark Parkway,Hobart,Tasmania,7803
15-4159412,Fitzgerald,Gaylor,25/08/1984,M,31862 Lunder Pass,Sydney,New South Wales,1140
93-1944895,Elberta,Spurr,15/09/1971,F,0 Alpine Center,Sydney,New South Wales,1120
94-1699715,Zorina,Ullett,11/05/1981,F,7 Hintze Hill,Sydney,New South Wales,1120
18-3697728,Saxe,Stallen,18/07/1989,M,75 Jackson Hill,Adelaide,South Australia,5839
13-6194050,Riobard,Sannes,21/12/1970,M,623 Hauk Way,Sydney,New South Wales,1120
78-3867261,Estrellita,Bradlaugh,13/05/1974,F,38 Mockingbird Drive,Launceston,Tasmania,7916
84-9771457,Calla,Broschke,09/01/1981,F,5162 Oak Drive,Adelaide Mail Centre,South Australia,5899
08-8972067,Tadeas,Urquhart,25/04/1974,M,962 Anniversary Crossing,Sydney,New South Wales,1028
78-1889680,Jasper,Rubens,23/11/1978,M,802 Holmberg Circle,Hobart,Tasmania,7803
01-0053872,Bellanca,Waggatt,12/08/1974,F,3041 Buhler Alley,Strawberry Hills,New South Wales,1424
88-0904686,Kori,Johnstone,01/05/1971,F,1815 Lyons Terrace,Sydney,New South Wales,1191
33-5760959,Dario,Ruzic,22/11/1976,M,296 Talmadge Way,Hobart,Tasmania,7808
70-9022698,Helaina,Greeveson,31/07/1976,F,970 Goodland Crossing,Sydney South,New South Wales,1235
14-6907746,Borg,Branwhite,16/11/1971,M,3 Thierer Crossing,Adelaide Mail Centre,South Australia,5869
87-2547822,Delano,Djorvic,17/06/1983,M,8044 Haas Trail,Melbourne,Victoria,8045
20-9900225,Huberto,Calven,01/01/1982,M,8 Warner Parkway,Hobart,Tasmania,7808
35-2220229,Giacomo,Sawl,07/08/1980,M,081 Dovetail Junction,Hobart,Tasmania,7808
13-6513552,Burl,Doghartie,09/03/1985,M,0 Ramsey Road,Eastern Suburbs Mc,New South Wales,1315
94-6150059,Griz,Denisovo,03/07/1984,M,904 Declaration Park,Strawberry Hills,New South Wales,1424
01-5513859,Yoko,Cattini,16/12/1989,F,722 Lindbergh Center,Adelaide Mail Centre,South Australia,5869
44-5091499,Alanson,Segge,17/02/1986,M,28 Kropf Circle,Sydney,New South Wales,1033
20-3058943,Felicdad,Gross,23/07/1975,F,084 Lindbergh Avenue,Eastern Suburbs Mc,New South Wales,1391
23-6677808,Stacie,Wrankmore,23/05/1982,F,51211 Paget Hill,Adelaide Mail Centre,South Australia,5869
99-0367146,Judd,Leipnik,19/03/1973,M,5960 Declaration Trail,Perth,Western Australia,6817
93-5225247,Rubin,Redsall,25/10/1989,M,16 Granby Drive,Adelaide Mail Centre,South Australia,5889
95-4542421,Lyndsay,Craisford,17/02/1988,F,1780 Porter Drive,Sydney,New South Wales,1206
52-1122838,Onfre,Anlay,02/07/1974,M,592 Crescent Oaks Park,Sydney,New South Wales,1033
85-7595618,Elie,Tresise,27/02/1986,F,1137 Gulseth Point,Sydney,New South Wales,1109
06-6607094,Peg,Raveau,23/09/1983,F,5204 Birchwood Avenue,Northern Suburbs Mc,New South Wales,1694
31-2314592,Mariska,Royle,09/06/1986,F,378 Sachs Crossing,Strawberry Hills,New South Wales,1424
68-9107583,Merilee,Elis,08/10/1970,F,32 Buena Vista Lane,Sydney,New South Wales,1134
21-6850492,Ayn,Klulik,04/05/1970,F,6877 Golf View Alley,Australia Square,New South Wales,1213
18-4604123,Vincenty,Hallick,20/04/1989,M,81248 Butternut Center,Sydney,New South Wales,1181
57-1762560,Geralda,Izacenko,01/04/1970,F,5408 Shoshone Crossing,Melbourne,Victoria,8383
29-1227649,Barnaby,Courtese,29/05/1984,M,00 Transport Crossing,Sydney,New South Wales,1181
13-4886840,Shandee,Slack,08/05/1985,F,84 Rigney Place,Eastern Suburbs Mc,New South Wales,1391
10-9264975,Dasha,Beynkn,05/01/1976,F,63 Pierstorff Avenue,Sydney,New South Wales,1043
04-0930481,Anestassia,Tremberth,27/03/1982,F,5 American Ash Hill,Sydney,New South Wales,1120
51-5720317,Lefty,Earland,29/10/1971,M,52984 Northfield Center,Brisbane,Queensland,9010
00-0999990,Waldon,Tickner,08/03/1971,M,3 Brown Circle,Sydney,New South Wales,1161
65-7411875,Reynolds,Padrick,01/03/1974,M,418 Butterfield Way,Eastern Suburbs Mc,New South Wales,1315
60-1430501,Lief,Niblock,15/08/1989,M,06 Chive Circle,Brisbane,Queensland,9010
17-7753109,Emmi,Howell,18/07/1980,F,10 Bultman Parkway,Adelaide Mail Centre,South Australia,5869
74-3384105,Ada,Dodson,22/09/1983,F,936 2nd Lane,Melbourne,Victoria,8383
88-9030625,Neil,Clews,14/01/1972,M,775 Sutteridge Circle,Sydney,New South Wales,1171
61-8689975,Harp,Wisam,16/12/1989,M,59328 Lotheville Terrace,Sydney,New South Wales,1043
10-6173578,Kin,Whyard,04/04/1985,M,52213 Banding Parkway,Sydney,New South Wales,1109
47-5409347,Carmina,Bolstridge,25/12/1972,F,30 Holmberg Alley,Brisbane,Queensland,9010
68-4342262,Ellsworth,Blunn,09/09/1984,M,84411 Barnett Plaza,Sydney,New South Wales,1033
58-1909951,Toby,Orkney,27/09/1980,F,30611 Michigan Terrace,Eastern Suburbs Mc,New South Wales,1315
29-8203414,Major,McVity,19/08/1985,M,02262 Delladonna Junction,Australia Square,New South Wales,1213
57-3121506,Francesca,Barczewski,23/11/1973,F,2 Bellgrove Place,Sydney,New South Wales,1140
77-1387202,Brunhilda,Yele,31/03/1974,F,299 Bellgrove Place,Melbourne,Victoria,8383
68-6970987,Avictor,Butt Gow,14/09/1977,M,6473 Truax Avenue,Sydney,New South Wales,1196
32-1345682,Helaina,Mouton,12/04/1980,F,84402 Autumn Leaf Hill,Brisbane,Queensland,9010
67-3130995,Kean,Corkhill,20/12/1971,M,877 Butterfield Circle,Sydney,New South Wales,1134
08-8304214,Bradney,Winfield,25/09/1987,M,67606 Thierer Trail,Sydney,New South Wales,1191
71-1927957,Ranique,Matysik,29/11/1976,F,57761 Dennis Point,Sydney,New South Wales,1140
92-1856861,Lydon,Brik,05/04/1982,M,86203 Del Sol Center,Perth,Western Australia,6817
99-3118684,Terrance,Cunniffe,18/02/1974,M,654 Bay Street,Sydney,New South Wales,1196
04-5772276,Klemens,Dufer,25/08/1978,M,56763 Dawn Plaza,Melbourne,Victoria,8045
94-0787105,Hunt,Pickavant,03/01/1977,M,210 Gina Parkway,Hobart,Tasmania,7808
43-5840577,Orly,Francomb,17/08/1974,F,2 Scott Junction,Sydney,New South Wales,1181
18-3495016,Tessa,Flag,13/09/1985,F,01 4th Lane,Adelaide Mail Centre,South Australia,5889
43-1193222,Gerick,Lawly,26/03/1977,M,81740 Valley Edge Plaza,Adelaide Mail Centre,South Australia,5889
33-0094668,Austen,Amberson,31/05/1977,M,545 Thackeray Hill,Sydney,New South Wales,1028
27-0652637,Wilbert,Devericks,04/12/1974,M,847 Cody Pass,Brisbane,Queensland,9010
00-4199758,Austen,Inston,16/12/1977,M,3815 Veith Avenue,Eastern Suburbs Mc,New South Wales,1325
16-1494568,Denise,Bursnoll,28/07/1978,F,39 Mallory Junction,Sydney,New South Wales,1171
08-7149838,Morena,Heister,08/08/1984,F,03341 American Ash Road,Brisbane,Queensland,9010
66-2915041,Renaldo,Byk,05/03/1988,M,22116 Arkansas Circle,Eastern Suburbs Mc,New South Wales,1325
58-7618165,Kayla,Wivell,21/09/1979,F,1 Bultman Parkway,Eastern Suburbs Mc,New South Wales,1325
82-6374654,Hobart,Goosnell,16/06/1989,M,2508 Anderson Terrace,Sydney,New South Wales,1120
15-1165683,Debera,Keitch,23/03/1977,F,605 Rutledge Parkway,Adelaide,South Australia,5839
36-2849426,Gail,Finlator,24/07/1972,M,243 Lien Crossing,Adelaide Mail Centre,South Australia,5899
93-3131785,Nissy,Kembley,02/11/1976,F,60 Morningstar Avenue,Strawberry Hills,New South Wales,1424
87-5919228,Almeria,Laurisch,10/08/1979,F,717 Raven Alley,Launceston,Tasmania,7916
07-4906354,Bruce,Attersoll,19/04/1979,M,1 Bluestem Drive,Launceston,Tasmania,7904
99-1670063,Parsifal,Hollingsby,23/01/1989,M,31 Elmside Crossing,Eastern Suburbs Mc,New South Wales,1391
52-3715329,Kasper,Glasheen,16/06/1973,M,237 Talisman Court,Melbourne,Victoria,8383
58-4764835,Briana,Benettelli,29/12/1980,F,74545 Bayside Center,Australia Square,New South Wales,1213
19-3515633,Ursuline,McComas,23/04/1978,F,56919 Elmside Pass,Sydney,New South Wales,1140
55-2578086,Ragnar,Treleaven,01/06/1979,M,38730 Birchwood Road,Launceston,Tasmania,7916
97-7189301,Justus,Chomley,16/11/1979,M,7 Dryden Street,Sydney,New South Wales,1120
78-8615861,Dudley,Praill,30/05/1971,M,4248 Di Loreto Point,Sydney,New South Wales,1161
63-4743824,Juana,Pattemore,04/04/1984,F,53339 Scofield Center,Sydney,New South Wales,1161
75-3283741,Dido,Marzelli,08/07/1979,F,1286 Logan Crossing,Launceston,Tasmania,7916
33-3138337,Oliy,Isaaksohn,25/02/1985,F,75 Lukken Center,Sydney,New South Wales,1009
60-5596278,Billye,Flacknell,27/12/1976,F,8 Mcbride Plaza,Eastern Suburbs Mc,New South Wales,1315
87-2407439,Renaud,Quickenden,13/02/1977,M,453 Northridge Plaza,Sydney,New South Wales,1130
34-5233481,Jacinta,Beachamp,19/07/1974,F,0328 Center Alley,Sydney,New South Wales,1033
25-9509113,Pennie,Foli,18/01/1973,F,59 Crowley Crossing,Launceston,Tasmania,7916
22-2747138,Fallon,Kelinge,04/01/1974,F,21 Pennsylvania Place,Strawberry Hills,New South Wales,1424
80-6781749,Todd,Caldayrou,19/08/1986,M,8 Portage Hill,Sydney,New South Wales,1181
57-3788467,Uriah,Petegrew,05/12/1978,M,47 Northfield Pass,Sydney,New South Wales,1206
85-0048658,Deina,Brauninger,08/04/1982,F,06 Norway Maple Court,Strawberry Hills,New South Wales,1424
02-9589726,Sharon,Orable,25/02/1971,F,4977 Waxwing Road,Brisbane,Queensland,9010
53-1283193,Elisabeth,Plunkett,09/12/1973,F,6232 Bay Avenue,Adelaide,South Australia,5839
44-7412350,Chicky,Shellum,28/08/1973,M,2 Dixon Lane,Eastern Suburbs Mc,New South Wales,1325
77-1625856,Shirlee,Flippelli,12/10/1987,F,4183 Lawn Plaza,Sydney,New South Wales,1028
33-3084765,Pryce,Vanyarkin,29/11/1975,M,3 Eastwood Point,Strawberry Hills,New South Wales,1424
42-5346492,Clyde,Fynan,20/08/1977,M,3 Dunning Center,Sydney,New South Wales,1009
45-4097848,Floria,Melesk,30/04/1973,F,154 Shasta Way,Sydney,New South Wales,1171
17-6541564,Windham,Kiehl,17/10/1987,M,282 Florence Pass,Sydney,New South Wales,1033
37-5890192,Bertie,Ivery,13/11/1984,F,484 Saint Paul Avenue,Strawberry Hills,New South Wales,1424
07-8651653,Melly,Guerry,26/06/1973,F,56309 Barby Street,Sydney,New South Wales,1009
73-1082324,Freda,Collett,30/10/1977,F,6 Toban Parkway,Sydney,New South Wales,1043
92-8342239,Kathryne,Eouzan,11/06/1987,F,6 Namekagon Trail,Sydney,New South Wales,1161
97-4028902,Leia,Maddin,02/06/1982,F,86 Bowman Street,Adelaide Mail Centre,South Australia,5899
01-0251025,Allan,MacFadin,21/09/1972,M,1 4th Center,Perth,Western Australia,6817
94-1404649,Ingunna,O'Meara,17/05/1975,F,258 Sommers Way,Sydney,New South Wales,1196
00-7142512,Naomi,Perree,30/03/1988,F,298 Melody Court,Sydney,New South Wales,1191
90-5347623,Allissa,Sloss,11/02/1975,F,75131 Marquette Trail,Sydney,New South Wales,1181
24-3070316,Cynde,Vida,03/02/1970,F,461 Nobel Parkway,Sydney,New South Wales,1043
41-1891698,Colver,Shere,19/06/1983,M,69022 Tomscot Place,Eastern Suburbs Mc,New South Wales,1325
98-8865329,Phillida,Le Galle,23/04/1981,F,90 Steensland Avenue,Sydney,New South Wales,1196
97-5420854,Pincus,Mawford,11/09/1980,M,2 Butterfield Place,Sydney,New South Wales,1028
00-0884264,Valeria,Breede,18/04/1987,F,23 Summerview Hill,Launceston,Tasmania,7916
11-0039114,Brier,Skingley,10/08/1987,F,14 Towne Avenue,Sydney,New South Wales,1109
76-7492123,Weston,Gaffney,16/06/1980,M,383 Erie Drive,Adelaide Mail Centre,South Australia,5869
64-1616446,Leeland,Bleackley,09/03/1983,M,0 Bartillon Park,Sydney,New South Wales,1130
00-8668806,Filia,Doret,12/01/1978,F,3066 Mosinee Drive,Australia Square,New South Wales,1213
44-1701341,Nowell,Grace,08/12/1974,M,65297 Homewood Junction,Sydney,New South Wales,1009
47-8255805,Bren,Rudledge,27/05/1986,M,187 Spaight Circle,Eastern Suburbs Mc,New South Wales,1315
21-1766254,Janet,Dyzart,28/12/1984,F,7925 Bobwhite Avenue,Sydney,New South Wales,1181
36-6116726,Dana,Ingyon,05/03/1975,M,23758 Dwight Street,Perth,Western Australia,6843
38-4877833,Guendolen,Deviney,19/07/1974,F,96571 Granby Park,Sydney,New South Wales,1009
11-3427193,Hallsy,Taunton.,26/03/1971,M,196 Scoville Point,Sydney South,New South Wales,1235
98-3529131,Hildagarde,Driver,09/05/1989,F,640 Butterfield Drive,Sydney,New South Wales,1009
74-2792439,Demetrius,Rumens,16/01/1974,M,9869 Glacier Hill Avenue,Sydney,New South Wales,1206
84-6396381,Sigismundo,Forshaw,28/01/1973,M,027 Blaine Center,Sydney,New South Wales,1191
15-7173203,Bibbie,Mullarkey,14/11/1989,F,560 Scoville Plaza,Adelaide Mail Centre,South Australia,5874
64-1300488,Mirella,Bloxholm,18/04/1986,F,8 Scott Park,Sydney,New South Wales,1043
91-3276008,Teddy,Crusham,01/03/1988,M,37 Ilene Crossing,Sydney,New South Wales,1130
39-0973138,Cilka,Hiddy,11/03/1988,F,110 Ronald Regan Way,Sydney,New South Wales,1161
05-9218728,Mile,Bridgwood,18/07/1979,M,01403 Sugar Hill,Northern Suburbs Mc,New South Wales,1694
56-1864126,Adeline,Jenk,16/02/1984,F,101 Esch Lane,Sydney,New South Wales,1120
86-2834715,Fair,Grieger,28/07/1979,M,5564 Eliot Way,Adelaide Mail Centre,South Australia,5869
57-0055006,Jacklin,Filoniere,20/03/1989,F,50 Redwing Road,Hobart,Tasmania,7808
40-8708167,Minni,Undrell,23/02/1976,F,78 Bluestem Terrace,Sydney,New South Wales,1140
78-3132320,Rafaello,Howes,24/09/1986,M,9 Warner Avenue,Sydney South,New South Wales,1235
93-6142528,Val,Kinnard,21/11/1986,F,168 Lighthouse Bay Circle,Sydney,New South Wales,1181
07-8788555,Karim,Stoggles,26/09/1981,M,85771 Cherokee Court,Launceston,Tasmania,7916
66-0759413,Russ,Farlow,15/08/1977,M,4 Old Gate Plaza,Eastern Suburbs Mc,New South Wales,1391
56-4330432,Everett,Lotwich,07/07/1970,M,5 Arapahoe Crossing,Launceston,Tasmania,7904
36-7746195,Jacinda,Tansley,17/10/1974,F,14742 Service Road,Sydney South,New South Wales,1235
77-8068184,Omar,Bollin,19/05/1985,M,4 Lillian Street,Melbourne,Victoria,8383
37-5192705,Ashley,Pinnick,05/02/1981,M,94817 Havey Point,Sydney,New South Wales,1171
89-1334576,Yvon,Dybald,16/11/1975,M,04221 Di Loreto Lane,Sydney,New South Wales,1043
07-4939406,Ashly,Presdee,14/10/1981,F,10076 Russell Place,Sydney,New South Wales,1134
56-9109231,Derry,Summerbell,28/11/1979,M,3107 Corben Drive,Sydney,New South Wales,1043
40-2599974,Constanta,Vivien,25/06/1980,F,397 Pennsylvania Circle,Sydney,New South Wales,1206
73-8479572,Jarrod,Cabera,18/02/1983,M,0479 Sherman Plaza,Sydney,New South Wales,1181
58-1281720,Langsdon,Hacquard,16/11/1972,M,29965 Delaware Circle,Sydney South,New South Wales,1235
78-3253141,Noam,Garlic,06/01/1980,M,815 Goodland Pass,Hobart,Tasmania,7808
45-6834644,Maryrose,Mutimer,19/07/1985,F,10 Dixon Pass,Melbourne,Victoria,8383
23-1177039,Matthaeus,Seviour,04/02/1971,M,99 Mosinee Way,Eastern Suburbs Mc,New South Wales,1391
11-0315520,Janenna,Scrooby,15/09/1971,F,1371 Shopko Trail,Adelaide,South Australia,5839
33-1151101,Noellyn,Deverock,10/06/1979,F,8463 Randy Junction,Perth,Western Australia,6843
29-1355064,Michell,Dissman,29/02/1976,F,14 Stang Point,Australia Square,New South Wales,1213
67-3417765,Yuma,Batteson,04/09/1977,M,27 Rockefeller Court,Sydney,New South Wales,1206
74-6179510,Piggy,Reinmar,22/10/1983,M,14804 Waxwing Court,Sydney South,New South Wales,1235
08-3144138,Ode,Channon,18/03/1973,M,1 Kennedy Circle,Adelaide Mail Centre,South Australia,5899
40-8152992,Merilyn,Volette,19/01/1983,F,12 Prairie Rose Court,Adelaide Mail Centre,South Australia,5874
28-1468289,Lauraine,Abberley,08/11/1973,F,5 Dryden Center,Sydney South,New South Wales,1235
45-2820507,Shurlocke,Bruck,30/05/1972,M,2366 Sutherland Place,Sydney,New South Wales,1120
20-6175130,Margie,Scambler,29/01/1980,F,008 Village Place,Adelaide Mail Centre,South Australia,5874
49-3330663,Rozanne,Lundy,21/07/1973,F,87429 Russell Center,Brisbane,Queensland,9010
82-8188103,Brody,Shotbolt,17/09/1976,M,9 Dwight Pass,Sydney,New South Wales,1130
33-6664786,Arron,Whisson,22/02/1984,M,57 School Road,Sydney South,New South Wales,1235
20-0911950,Adele,Battista,26/01/1982,F,4 Clyde Gallagher Terrace,Sydney,New South Wales,1206
16-9784239,Spencer,Woodburn,09/04/1975,M,638 Carioca Way,Eastern Suburbs Mc,New South Wales,1325
83-6336637,Binni,Bagott,08/04/1986,F,76178 Holmberg Terrace,Sydney,New South Wales,1161
03-1588123,Brooke,Oaker,07/11/1973,F,481 Gale Park,Launceston,Tasmania,7904
46-2240953,Kenny,Verrell,13/04/1981,M,9 Meadow Ridge Drive,Sydney,New South Wales,1043
45-1925923,Pat,Huxstep,06/12/1986,M,53684 Westend Circle,Launceston,Tasmania,7916
73-0398331,Dimitry,Ongin,07/05/1983,M,75 Dovetail Drive,Adelaide Mail Centre,South Australia,5874
99-6519064,Reg,Frowd,11/11/1984,M,35347 Blaine Crossing,Sydney,New South Wales,1206
19-9003188,Vernen,Cheverton,11/03/1981,M,39630 Miller Pass,Adelaide Mail Centre,South Australia,5874
79-4082764,Sherwood,Froschauer,07/09/1979,M,95 Petterle Road,Perth,Western Australia,6817
00-8363474,Spencer,Cubbon,16/11/1973,M,09818 Gerald Point,Melbourne,Victoria,8383
49-3561121,Doretta,Boeck,30/09/1970,F,908 Acker Crossing,Launceston,Tasmania,7904
34-8865113,Eula,Pray,04/11/1985,F,86 Fisk Hill,Launceston,Tasmania,7904
64-9770525,Reine,Stanners,31/01/1974,F,1 Transport Pass,Hobart,Tasmania,7808
53-1258162,Myrilla,Buckoke,23/03/1988,F,92 Quincy Junction,Eastern Suburbs Mc,New South Wales,1391
35-4267191,Magdaia,Duker,16/04/1978,F,769 Tennyson Road,Sydney South,New South Wales,1235
61-2372634,Kamillah,Nannoni,13/12/1987,F,3696 Lien Hill,Sydney,New South Wales,1206
78-9873552,Honey,Swait,23/11/1986,F,96 Gina Junction,Sydney,New South Wales,1171
64-0351836,Osmund,Guerreru,13/01/1971,M,8443 Corben Junction,Eastern Suburbs Mc,New South Wales,1315
49-0729701,Glory,Wavish,02/03/1989,F,9708 East Plaza,Sydney,New South Wales,1134
12-5347438,Emelina,Mogey,24/03/1975,F,27 Farwell Drive,Eastern Suburbs Mc,New South Wales,1325
72-6645722,Haleigh,Eslie,23/11/1972,M,466 Eggendart Crossing,Hobart,Tasmania,7808
08-8503359,Duff,Urey,12/08/1971,M,6518 Gale Avenue,Eastern Suburbs Mc,New South Wales,1315
17-5812294,Jenn,Stealfox,25/07/1985,F,9965 Hayes Drive,Melbourne,Victoria,8383
07-3542801,Gino,Harlett,10/11/1975,M,254 Fairfield Drive,Sydney,New South Wales,1009
52-4513997,Marna,Stoute,14/04/1989,F,826 South Junction,Sydney,New South Wales,1009
55-8232404,Mala,Brome,12/01/1984,F,600 Anniversary Street,Adelaide Mail Centre,South Australia,5889
47-9655383,Ava,Lapley,03/12/1973,F,7 Trailsway Hill,Launceston,Tasmania,7904
39-9838883,Allistir,Symmers,25/10/1975,M,85270 Everett Plaza,Adelaide,South Australia,5839
86-5306160,Allister,Boller,17/03/1981,M,29525 Nobel Lane,Sydney South,New South Wales,1235
24-6045094,Ofilia,Sibylla,30/10/1973,F,4 Weeping Birch Alley,Launceston,Tasmania,7904
88-8632255,Silvio,Curtis,14/06/1973,M,74497 Mesta Terrace,Sydney,New South Wales,1028
87-9324314,Curtice,Aviss,26/06/1982,M,3 Hooker Street,Sydney South,New South Wales,1235
97-3366835,Brian,Stronough,26/01/1989,M,4369 Independence Way,Adelaide Mail Centre,South Australia,5869
21-3615271,Dunstan,Hayes,11/12/1980,M,6 Merrick Hill,Hobart,Tasmania,7803
78-9367160,Rossie,Woolgar,30/03/1987,M,08121 Ramsey Center,Adelaide Mail Centre,South Australia,5874
01-4871671,Major,Mirams,04/11/1976,M,20780 Utah Point,Sydney,New South Wales,1028
08-6307844,Adrea,Allridge,19/04/1979,F,398 Stuart Avenue,Perth,Western Australia,6843
78-2999525,Murray,Dossettor,10/03/1975,M,1199 Mendota Drive,Sydney,New South Wales,1028
09-8609665,Chevalier,Iacovino,20/10/1989,M,2132 Bartelt Road,Sydney,New South Wales,1191
09-4742548,Carmina,Izachik,29/03/1985,F,13831 Almo Point,Perth,Western Australia,6817
86-5899340,Enid,Osborn,13/11/1988,F,9 Esch Trail,Launceston,Tasmania,7904
89-1238682,Chloette,De la Perrelle,23/09/1981,F,6 Fieldstone Hill,Sydney,New South Wales,1130
91-9580438,Kaja,Masden,08/12/1970,F,440 Trailsway Pass,Australia Square,New South Wales,1213
97-3299940,Korrie,Loosely,29/10/1983,F,107 Oak Place,Eastern Suburbs Mc,New South Wales,1391
44-9120466,Bart,McCumesky,21/08/1977,M,28769 Del Mar Center,Sydney South,New South Wales,1235
19-4683074,Goddard,Duffett,10/05/1983,M,50460 1st Street,Sydney,New South Wales,1206
21-4149563,Coriss,Colwill,27/12/1973,F,60727 Sage Lane,Adelaide Mail Centre,South Australia,5874
86-7360760,Gabbi,Bortolotti,27/09/1988,F,286 Moulton Plaza,Sydney,New South Wales,1009
78-2496701,Worthy,Gilliland,23/01/1988,M,25226 Pearson Terrace,Sydney,New South Wales,1196
46-3729041,Sasha,Tiebe,01/10/1971,M,4 Mendota Hill,Adelaide,South Australia,5839
27-9878238,Sayre,Karslake,09/11/1973,M,9106 Vermont Pass,Adelaide Mail Centre,South Australia,5889
47-6789945,Harwell,Sallan,09/10/1985,M,42 John Wall Park,Northern Suburbs Mc,New South Wales,1694
81-4930556,Catie,Saben,17/02/1986,F,8700 Mayer Junction,Hobart,Tasmania,7803
60-8767993,Gib,O'Keaveny,03/06/1972,M,42 Arapahoe Parkway,Sydney,New South Wales,1140
41-1728220,Haley,Elgar,05/01/1975,F,84 Forster Circle,Sydney,New South Wales,1140
34-3038474,Brooke,Sutlieff,17/08/1975,M,80663 Dapin Circle,Australia Square,New South Wales,1213
14-5841443,Austin,Julyan,05/09/1988,F,05 Messerschmidt Place,Sydney,New South Wales,1161
42-1624102,Bank,Romagnosi,16/12/1972,M,5 Leroy Drive,Adelaide Mail Centre,South Australia,5874
56-8587084,Ernest,Adrian,22/09/1987,M,281 Elgar Junction,Adelaide Mail Centre,South Australia,5874
67-4678682,Lusa,Headly,20/05/1979,F,31947 Melby Plaza,Adelaide Mail Centre,South Australia,5889
52-3167877,Gustaf,Melanaphy,30/07/1979,M,9559 Muir Road,Perth,Western Australia,6843
02-0470256,Farrel,Dyshart,02/06/1988,M,2 Golf Park,Hobart,Tasmania,7808
22-6044800,Mahmoud,Sargeaunt,26/12/1987,M,4 Orin Terrace,Australia Square,New South Wales,1213
80-5794146,Germayne,Elkin,19/03/1987,M,12230 Raven Junction,Sydney,New South Wales,1043
43-5969696,Rafaello,Height,24/07/1980,M,4613 Coolidge Trail,Sydney,New South Wales,1181
22-0800779,Sasha,Andrew,16/10/1981,F,069 West Street,Launceston,Tasmania,7916
23-0353698,Jacinda,Apfler,26/07/1984,F,119 Comanche Center,Adelaide Mail Centre,South Australia,5889
30-7509005,Trevar,Boch,21/10/1974,M,5933 Kings Street,Sydney,New South Wales,1028
23-0904640,Lindi,Jenner,27/11/1972,F,83 Pine View Drive,Eastern Suburbs Mc,New South Wales,1315
10-0669923,Pat,Lambol,03/10/1985,F,28229 Coolidge Point,Eastern Suburbs Mc,New South Wales,1315
18-0335977,Sharron,Lingwood,06/01/1977,F,19 Cherokee Plaza,Sydney,New South Wales,1009
72-4222158,Jermaine,Round,16/06/1989,F,473 Pond Junction,Sydney,New South Wales,1033
73-1592954,Corabella,Casini,29/01/1971,F,6237 Burning Wood Park,Adelaide Mail Centre,South Australia,5869
38-8337924,Neile,Greves,08/01/1986,F,04 Mcbride Circle,Sydney,New South Wales,1196
35-4259628,Florella,Gerhold,28/10/1987,F,66 Forest Dale Parkway,Melbourne,Victoria,8045
67-1645735,Robyn,Melding,12/10/1977,F,7 Butternut Circle,Hobart,Tasmania,7803
50-3917712,Killie,Lanfranconi,08/11/1975,M,9 Brown Avenue,Hobart,Tasmania,7803
84-0613941,Angelica,Pedrick,29/04/1973,F,3 Sycamore Park,Adelaide Mail Centre,South Australia,5899
73-9189607,Malanie,Claypole,20/07/1979,F,3438 Redwing Place,Sydney,New South Wales,1181
27-6876819,Sophronia,Elgram,08/03/1989,F,7 Continental Alley,Strawberry Hills,New South Wales,1424
02-2553466,Camella,Lineker,13/03/1984,F,8 Cody Road,Northern Suburbs Mc,New South Wales,1694
43-5655638,Mamie,Naile,15/04/1975,F,99119 Basil Pass,Adelaide Mail Centre,South Australia,5869
09-8083953,Rosetta,Holhouse,21/04/1987,F,2380 Ridgeway Court,Brisbane,Queensland,9010
34-5341976,Curcio,Greig,10/06/1974,M,7324 Kingsford Lane,Sydney,New South Wales,1140
88-1692843,Ted,Samweyes,04/08/1982,M,4014 Cordelia Parkway,Sydney,New South Wales,1109
76-9314869,Trude,Seid,12/04/1984,F,6 Truax Circle,Adelaide Mail Centre,South Australia,5889
63-4665531,Doll,Crellin,04/09/1987,F,171 Bashford Avenue,Adelaide Mail Centre,South Australia,5874
00-5841954,Jessalin,Bazley,18/05/1984,F,2644 Parkside Plaza,Hobart,Tasmania,7808
49-4806113,Graig,Keilty,22/07/1983,M,370 Pankratz Court,Hobart,Tasmania,7808
03-0956395,Clyve,Ivannikov,27/09/1984,M,38 Arizona Road,Sydney,New South Wales,1130
75-5764579,Costa,Bathurst,18/03/1974,M,36 Twin Pines Trail,Melbourne,Victoria,8045
61-1346201,Stillman,McPake,06/12/1971,M,90 Thompson Point,Sydney South,New South Wales,1235
19-9244765,Richmound,Hallows,19/07/1970,M,1445 Steensland Hill,Sydney,New South Wales,1028
72-3628085,Orelia,Wolfart,27/10/1989,F,99 Lawn Point,Australia Square,New South Wales,1213
37-5197081,Barty,Grimsell,18/06/1976,M,3 Kings Court,Melbourne,Victoria,8045
13-9283040,Peder,Kliesl,19/04/1981,M,53 Morning Crossing,Sydney,New South Wales,1109
62-0418325,Dalia,Crosgrove,24/12/1973,F,97 Macpherson Parkway,Perth,Western Australia,6843
82-1598213,Ibrahim,Marquess,22/08/1980,M,97 Badeau Pass,Sydney,New South Wales,1043
83-1361669,Goraud,Shear,10/12/1970,M,06539 Loomis Alley,Brisbane,Queensland,9010
39-8953231,Harmonie,Pundy,20/05/1989,F,613 Mcbride Junction,Sydney,New South Wales,1009
58-1384871,Karola,Vail,01/05/1986,F,0 Arizona Plaza,Perth,Western Australia,6817
52-9908840,Benson,Bradane,26/09/1987,M,2191 Lakewood Trail,Sydney,New South Wales,1120
49-0424941,Olenolin,Thresh,18/10/1971,M,9205 Utah Alley,Adelaide Mail Centre,South Australia,5899
43-1017172,Riki,Welton,28/10/1977,F,249 Hayes Hill,Eastern Suburbs Mc,New South Wales,1315
43-1496417,Carlita,Sutehall,09/07/1974,F,45711 Gulseth Plaza,Sydney,New South Wales,1109
13-2552509,Reuven,Elderton,27/02/1977,M,89010 Emmet Pass,Eastern Suburbs Mc,New South Wales,1325
30-3210396,Huntington,Bartholomaus,04/06/1983,M,3360 Ludington Avenue,Sydney,New South Wales,1181
06-9109539,Rolando,Gittus,04/06/1972,M,786 Prairieview Point,Sydney,New South Wales,1181
91-1880023,Davy,Jepps,15/01/1986,M,2392 Heffernan Center,Sydney,New South Wales,1009
56-1239648,Norris,Auguste,01/03/1973,M,881 Crowley Hill,Sydney,New South Wales,1161
68-1263142,Molly,Ortiger,01/09/1987,F,24845 Vermont Pass,Eastern Suburbs Mc,New South Wales,1325
56-4229260,Tony,Horsley,13/09/1973,F,28833 Golden Leaf Alley,Sydney,New South Wales,1120
18-9019270,Manolo,Perrat,20/11/1975,M,39 Moulton Trail,Australia Square,New South Wales,1213
94-4172376,Georgeta,Sparham,26/02/1984,F,045 Forest Run Circle,Sydney,New South Wales,1140
93-4318825,Eada,Rains,01/03/1973,F,7448 Monterey Point,Sydney,New South Wales,1028
59-1015009,Jehanna,Coyett,07/01/1989,F,34544 Northland Center,Launceston,Tasmania,7904
99-6006776,Brier,Fraschetti,24/09/1973,F,431 Oxford Parkway,Sydney,New South Wales,1161
88-6053614,Webb,Mordanti,09/03/1971,M,51171 8th Avenue,Sydney South,New South Wales,1235
16-5197940,Allix,Jewitt,16/11/1984,F,600 Lyons Center,Sydney,New South Wales,1134
41-4602289,Sydney,O'Cridigan,20/12/1988,F,775 Pepper Wood Point,Sydney,New South Wales,1191
85-6970809,Maximo,Ivkovic,27/09/1986,M,332 Sullivan Way,Sydney,New South Wales,1033
62-5061720,Agneta,Denver,28/10/1984,F,84457 Ridge Oak Court,Sydney,New South Wales,1043
43-5804655,Whitaker,Gonnin,08/07/1983,M,6 Spohn Place,Eastern Suburbs Mc,New South Wales,1315
36-0802866,Katti,Serotsky,10/08/1983,F,3943 Surrey Alley,Hobart,Tasmania,7808
50-4821323,Ninnetta,Garcia,07/02/1972,F,099 5th Terrace,Hobart,Tasmania,7808
09-6872591,Ahmad,MacBarron,09/11/1986,M,4182 Lake View Court,Sydney,New South Wales,1109
10-4327544,Ursuline,Ottosen,03/12/1970,F,78080 Jackson Drive,Sydney,New South Wales,1043
06-8316524,Gates,Culvey,28/09/1982,F,320 Washington Junction,Sydney South,New South Wales,1235
27-2337471,Ofella,Claasen,27/09/1975,F,42188 Gina Court,Northern Suburbs Mc,New South Wales,1694
03-0655446,Lucille,Enden,23/08/1980,F,21 Green Junction,Hobart,Tasmania,7808
99-5082803,Pammy,Loveard,05/10/1988,F,011 Clyde Gallagher Junction,Perth,Western Australia,6843
74-7873094,Vivianna,Sellors,01/10/1975,F,372 Eggendart Center,Sydney,New South Wales,1181
38-5577382,Lucia,Penhale,30/11/1977,F,9368 Weeping Birch Hill,Adelaide,South Australia,5839
37-4931397,Maris,Yu,19/03/1974,F,8111 North Trail,Hobart,Tasmania,7808
70-5583326,Lawton,Dunkerley,28/11/1973,M,98 Pawling Pass,Adelaide Mail Centre,South Australia,5899
63-4096414,Genovera,Benedicte,19/03/1986,F,1 Jana Lane,Sydney,New South Wales,1181
97-1922063,Kendrick,Gourley,15/05/1970,M,8 Westerfield Avenue,Perth,Western Australia,6843
77-4414473,Drucie,Espinoy,29/10/1978,F,69121 Bellgrove Crossing,Adelaide Mail Centre,South Australia,5889
15-0983659,Jessamine,Seedhouse,01/02/1985,F,125 Northridge Place,Sydney,New South Wales,1161
21-3100446,Sher,Pettman,26/09/1980,F,0 Melvin Circle,Sydney,New South Wales,1171
38-6617444,Linoel,Schusterl,04/03/1981,M,097 Rockefeller Street,Hobart,Tasmania,7803
56-7590035,Bjorn,Sharpin,25/01/1983,M,5 Farwell Way,Perth,Western Australia,6843
26-6113601,Ring,Westall,22/08/1988,M,6815 Blue Bill Park Court,Melbourne,Victoria,8045
49-0265434,Pen,Hanwell,27/06/1988,M,51 Grayhawk Street,Launceston,Tasmania,7904
33-3009672,Jimmy,Stubbington,11/10/1975,M,0689 Debra Place,Adelaide,South Australia,5839
36-7778168,Stanislas,Soppit,17/10/1975,M,36673 Stuart Road,Sydney,New South Wales,1171
21-9593501,Boniface,Gianneschi,02/12/1980,M,864 Briar Crest Center,Eastern Suburbs Mc,New South Wales,1315
32-5608640,Natka,Fogden,19/01/1972,F,2301 Hazelcrest Street,Sydney,New South Wales,1196
82-8357123,Sergio,Bowld,18/01/1987,M,8 Sloan Place,Eastern Suburbs Mc,New South Wales,1325
41-5674101,Tito,Corrigan,06/04/1986,M,21 4th Hill,Perth,Western Australia,6843
70-7997725,Binnie,Manuaud,15/06/1972,F,88 Hoard Street,Sydney,New South Wales,1028
60-3881459,Gilly,Reiglar,10/04/1987,F,23 Ridge Oak Crossing,Eastern Suburbs Mc,New South Wales,1391
73-3199113,Oneida,Hullot,01/07/1986,F,49 Goodland Trail,Sydney,New South Wales,1191
66-0240171,Celestyna,Littler,05/07/1971,F,48698 Laurel Avenue,Sydney,New South Wales,1120
12-5273444,Thorin,Lowthorpe,09/09/1976,M,76 Lerdahl Court,Perth,Western Australia,6843
16-0622621,Michel,Ramsell,18/10/1980,F,1 Corben Court,Sydney,New South Wales,1028
32-4614314,Ophelie,Pykett,20/02/1976,F,4876 Stang Junction,Northern Suburbs Mc,New South Wales,1694
06-4300913,Marquita,Davenell,11/01/1981,F,14780 Merchant Point,Launceston,Tasmania,7904
83-8263346,Berke,Guilloneau,10/12/1987,M,96 Oxford Place,Eastern Suburbs Mc,New South Wales,1325
09-0137405,Tremayne,Joyner,02/07/1979,M,702 Stuart Center,Eastern Suburbs Mc,New South Wales,1391
08-2751229,Regan,Bischoff,01/11/1971,F,501 Parkside Terrace,Adelaide Mail Centre,South Australia,5899
26-6288275,Field,McCormack,24/03/1971,M,1666 Talisman Avenue,Perth,Western Australia,6843
60-2803315,Anton,Tubbs,02/11/1978,M,00303 Reinke Pass,Sydney,New South Wales,1043
97-6829631,Frazier,Whitechurch,26/08/1978,M,66419 Sycamore Place,Sydney,New South Wales,1043
68-2987099,Lacy,Johann,18/12/1972,F,40 Dapin Pass,Adelaide Mail Centre,South Australia,5869
19-1882694,Amos,Snowsill,04/01/1972,M,8219 Debs Avenue,Sydney,New South Wales,1120
70-2645132,Gustie,Justun,14/08/1971,F,024 Del Mar Way,Sydney,New South Wales,1196
40-7757127,Emmett,Mockford,25/07/1977,M,5712 Fair Oaks Plaza,Adelaide,South Australia,5839
00-9860760,Miner,Crabtree,05/11/1989,M,417 Quincy Crossing,Sydney,New South Wales,1181
18-9396396,Mack,Bonnefin,14/04/1987,M,28 John Wall Circle,Sydney,New South Wales,1161
10-7378259,Menard,Buckenhill,13/09/1984,M,5938 Sutteridge Circle,Adelaide Mail Centre,South Australia,5874
18-3489523,Beryl,Bunton,19/12/1980,F,3 Sage Plaza,Adelaide Mail Centre,South Australia,5874
29-5504481,Gae,MacNeill,20/07/1986,F,974 Birchwood Lane,Sydney South,New South Wales,1235
90-3081508,Ilaire,Ivankovic,21/10/1987,M,781 Talmadge Circle,Melbourne,Victoria,8045
69-4477691,Dorris,Quenell,18/02/1986,F,5052 Merchant Street,Adelaide,South Australia,5839
94-6694254,Sherwood,Brislane,26/03/1987,M,74743 Almo Road,Sydney,New South Wales,1171
04-4718908,Nita,McCarrick,25/05/1981,F,675 Elka Point,Hobart,Tasmania,7803
49-2608963,Armand,McDunlevy,14/06/1971,M,91 Sauthoff Terrace,Sydney,New South Wales,1120
65-9238552,Sal,O'Dunniom,20/12/1976,M,994 Sutteridge Crossing,Sydney South,New South Wales,1235
32-4086210,Amelina,Wyeld,29/10/1975,F,37 Sugar Parkway,Strawberry Hills,New South Wales,1424
23-5098665,Vanya,Pontin,15/11/1984,M,707 Lakeland Parkway,Adelaide Mail Centre,South Australia,5869
78-4606796,Corissa,Strephan,03/01/1982,F,43 Everett Street,Launceston,Tasmania,7916
85-6997644,Rachael,Cookson,13/06/1974,F,397 Algoma Crossing,Adelaide Mail Centre,South Australia,5889
39-1614747,Zara,Kernock,26/08/1983,F,62 Paget Trail,Sydney,New South Wales,1130
15-0595423,Rees,Corran,22/06/1971,M,38808 Golf View Plaza,Launceston,Tasmania,7916
99-3368700,Annie,Hubane,08/10/1972,F,7 Orin Court,Sydney,New South Wales,1009
16-6903239,Adi,Alejandre,15/09/1977,F,41460 Main Place,Sydney,New South Wales,1120
24-4837466,Sibel,Fawley,25/03/1979,F,8002 Darwin Avenue,Adelaide Mail Centre,South Australia,5889
41-4032476,Pasquale,Paddingdon,20/04/1980,M,984 Dunning Park,Launceston,Tasmania,7916
26-1538768,Nilson,Nasi,19/10/1970,M,7 Ridgeview Park,Hobart,Tasmania,7803
91-4169690,Murray,Radden,24/07/1970,M,76 Morrow Terrace,Perth,Western Australia,6843
83-2836977,Veradis,Lanfranchi,24/11/1985,F,6207 Coleman Junction,Australia Square,New South Wales,1213
11-7254013,Dugald,Mussettini,24/07/1978,M,0 Lakewood Gardens Center,Sydney,New South Wales,1206
40-7095375,Marshal,Gillise,16/03/1987,M,0 Del Sol Plaza,Sydney,New South Wales,1196
92-6031972,Marty,McCord,05/12/1980,M,83 Del Sol Circle,Adelaide Mail Centre,South Australia,5889
27-1358316,Son,Pentin,07/07/1978,M,1 Annamark Park,Adelaide Mail Centre,South Australia,5869
10-7162767,Clemmy,Endon,13/04/1985,M,701 Spaight Lane,Adelaide Mail Centre,South Australia,5869
06-8341753,Ondrea,Shugg,28/04/1985,F,3235 Fallview Place,Eastern Suburbs Mc,New South Wales,1325
61-2228608,Robena,Pinckard,08/12/1981,F,07 Lake View Center,Adelaide,South Australia,5839
46-1961143,Ronny,Crickett,27/12/1985,F,5 Fisk Center,Strawberry Hills,New South Wales,1424
43-0856058,Emmery,Witton,07/02/1987,M,83560 Butterfield Terrace,Australia Square,New South Wales,1213
79-4024119,Bathsheba,Grimestone,26/02/1981,F,07 Mccormick Drive,Eastern Suburbs Mc,New South Wales,1325
74-5035465,Witty,Keningley,09/04/1986,M,977 Schurz Junction,Melbourne,Victoria,8383
27-7494022,Art,Ferrao,25/08/1973,M,90 Westend Court,Launceston,Tasmania,7904
16-6026240,Ambrosius,Casse,10/12/1984,M,4 Russell Court,Sydney South,New South Wales,1235
49-4479475,Sissy,Purvis,17/12/1981,F,8536 Veith Parkway,Sydney,New South Wales,1120
74-2231297,Reynard,Boyer,26/06/1983,M,28 2nd Terrace,Perth,Western Australia,6817
55-0602569,Hildagard,Nethercott,02/10/1981,F,92 Vera Junction,Sydney,New South Wales,1130
70-2474449,Francklyn,Skeats,15/05/1983,M,5 Prairieview Trail,Sydney,New South Wales,1028
39-9807716,Merrile,Bennoe,16/02/1970,F,34 Leroy Hill,Sydney,New South Wales,1120
37-0028253,Vaughan,Gilyatt,16/02/1989,M,17 Village Point,Perth,Western Australia,6843
45-2378800,Dom,Pearcehouse,28/12/1970,M,55 Anderson Junction,Adelaide Mail Centre,South Australia,5889
79-6763078,Guglielmo,Peat,13/05/1974,M,1 Dexter Pass,Sydney,New South Wales,1043
29-0025559,Jennette,Goudard,15/05/1978,F,246 Milwaukee Trail,Sydney,New South Wales,1109
00-5627105,Dewitt,Pheasant,22/10/1983,M,58223 Arapahoe Avenue,Adelaide Mail Centre,South Australia,5869
90-3389736,Merrie,Braban,03/07/1984,F,81639 Merrick Junction,Sydney,New South Wales,1120
29-4251081,Garrik,Casier,27/03/1976,M,9048 Sunbrook Place,Eastern Suburbs Mc,New South Wales,1325
49-1280000,Godwin,Windrus,08/08/1972,M,22 Mandrake Way,Sydney,New South Wales,1134
75-1690776,Rozina,Jestico,07/05/1983,F,023 American Pass,Sydney,New South Wales,1043
42-7632481,Frederic,MacPeake,09/10/1970,M,7 Loeprich Crossing,Launceston,Tasmania,7904
10-5498614,Jose,Brydone,04/02/1978,M,0810 Manley Plaza,Melbourne,Victoria,8383
99-2690295,Genna,De la Yglesia,12/05/1973,F,64 Dakota Avenue,Sydney,New South Wales,1196
45-0406186,Dermot,Goodered,25/10/1988,M,75 Quincy Terrace,Strawberry Hills,New South Wales,1424
11-7096380,Remington,Cartmer,25/04/1971,M,2 Gale Trail,Adelaide Mail Centre,South Australia,5899
27-0719328,Trixy,Binnall,24/03/1976,F,122 Melrose Center,Sydney,New South Wales,1181
51-2001466,Ave,Learned,17/11/1979,M,9 Katie Lane,Sydney,New South Wales,1134
36-7754943,Caralie,Pennycook,28/08/1983,F,65 Linden Avenue,Sydney,New South Wales,1140
00-8328060,Eimile,Emma,11/10/1984,F,9 Scoville Parkway,Sydney South,New South Wales,1235
66-5104437,Leyla,Lammas,20/04/1970,F,8665 Scoville Terrace,Perth,Western Australia,6843
86-2956330,Sharleen,Doughill,09/01/1985,F,2709 Esch Trail,Adelaide Mail Centre,South Australia,5869
48-8345089,Valenka,Colombier,16/06/1978,F,25 Morrow Junction,Adelaide,South Australia,5839
57-4716893,Malvin,Wass,18/02/1973,M,7 Becker Parkway,Eastern Suburbs Mc,New South Wales,1325
06-5698731,Carlyle,Worlidge,19/03/1982,M,187 Little Fleur Terrace,Sydney,New South Wales,1028
78-2067274,Mahala,Calam,02/02/1973,F,53 Parkside Junction,Perth,Western Australia,6843
12-1792527,Toby,Gamlen,11/08/1987,F,7830 Oxford Street,Sydney,New South Wales,1196
45-0536716,Turner,Fridaye,07/09/1984,M,00 Crownhardt Junction,Sydney,New South Wales,1120
82-7311220,Rosalia,Ewen,30/12/1970,F,8024 Esker Avenue,Perth,Western Australia,6817
05-6872216,Malinde,Buyers,22/10/1974,F,11 Merchant Trail,Sydney South,New South Wales,1235
30-3528843,Ellen,Franckton,10/04/1989,F,43935 Arizona Junction,Perth,Western Australia,6843
89-4258411,Felicdad,Raggatt,12/04/1976,F,15 Scofield Crossing,Sydney,New South Wales,1171
44-3634831,Chadd,Meysham,21/05/1977,M,566 Kipling Pass,Australia Square,New South Wales,1213
88-3775333,Gearard,Babcock,05/10/1985,M,05023 Darwin Point,Hobart,Tasmania,7803
59-3063914,Travis,Orford,19/03/1976,M,78 New Castle Terrace,Adelaide,South Australia,5839
30-3091047,Cornell,Colley,25/10/1970,M,00206 Jenifer Place,Australia Square,New South Wales,1213
10-5812976,Evelin,Gonneau,30/12/1980,M,3565 Gale Point,Adelaide Mail Centre,South Australia,5889
63-5334952,Joell,Alesi,29/11/1988,F,38924 Canary Place,Adelaide Mail Centre,South Australia,5899
90-4251319,Wolfy,Bonney,31/10/1975,M,05538 Elgar Place,Brisbane,Queensland,9010
46-0770690,Damian,Kimmons,20/03/1982,M,896 Erie Terrace,Adelaide Mail Centre,South Australia,5889
28-3588470,Honey,Golde,27/09/1974,F,6556 Canary Plaza,Sydney,New South Wales,1043
71-0674399,Zacharie,Chrstine,12/05/1977,M,2 Spaight Drive,Sydney,New South Wales,1206
93-0621251,Patrice,Stangroom,13/08/1970,F,76859 Northwestern Crossing,Sydney,New South Wales,1181
66-8464689,Pen,Reynoollds,20/10/1981,F,16248 Golden Leaf Court,Sydney,New South Wales,1140
03-8441394,Gisella,Louys,23/10/1986,F,61 Mallory Parkway,Adelaide Mail Centre,South Australia,5874
70-3285504,Thorn,Connors,28/04/1970,M,49015 Merry Drive,Adelaide Mail Centre,South Australia,5899
33-2538544,Brennan,Dutnell,13/09/1982,M,554 Dahle Pass,Northern Suburbs Mc,New South Wales,1694
14-1247089,Flin,Doncom,27/11/1972,M,17 Delladonna Pass,Perth,Western Australia,6843
61-7830494,Lynnelle,Rodson,07/03/1982,F,9296 Bayside Trail,Launceston,Tasmania,7916
65-1429818,Rutter,Clogg,04/11/1977,M,5 Sunfield Point,Sydney,New South Wales,1161
16-4234469,Sarge,Broomfield,14/11/1973,M,798 Thierer Plaza,Sydney,New South Wales,1191
33-0754722,Daren,Cannon,12/08/1984,M,75902 Stuart Parkway,Launceston,Tasmania,7916
87-8265396,Edith,Emblen,16/01/1985,F,81216 Little Fleur Plaza,Hobart,Tasmania,7803
16-3233392,Marcos,Stanwix,18/09/1984,M,90908 Sundown Park,Hobart,Tasmania,7808
45-6634021,Friederike,Franklyn,02/01/1983,F,3 Lakewood Center,Brisbane,Queensland,9010
08-8264564,Joaquin,Muselli,17/01/1973,M,5218 Valley Edge Avenue,Sydney,New South Wales,1109
22-8350447,Nanni,Barron,22/05/1988,F,359 Heath Terrace,Sydney South,New South Wales,1235
81-0262687,Rustin,Horwell,21/12/1981,M,1 Continental Park,Sydney,New South Wales,1109
11-8372486,Vicki,Kener,24/06/1979,F,6 Browning Circle,Northern Suburbs Mc,New South Wales,1694
88-4332175,Flossy,Astlett,28/07/1973,F,3334 Hooker Point,Adelaide Mail Centre,South Australia,5874
09-8796293,Tabbatha,Heeps,28/06/1979,F,939 Colorado Plaza,Sydney,New South Wales,1140
90-4409889,Herminia,Mochar,01/03/1979,F,5352 Vermont Alley,Australia Square,New South Wales,1213
93-1863849,Barny,Stitfall,06/01/1974,M,20781 Steensland Terrace,Brisbane,Queensland,9010
76-7675536,Carmela,Tant,28/05/1981,F,93991 Sunfield Way,Sydney,New South Wales,1130
90-0364332,Irwin,Muzzall,19/12/1982,M,72619 Memorial Pass,Hobart,Tasmania,7803
48-3027479,Ricard,Davidofski,20/05/1974,M,19507 Meadow Valley Junction,Eastern Suburbs Mc,New South Wales,1315
81-2190699,Spenser,Pavier,30/06/1989,M,95 Mosinee Drive,Sydney,New South Wales,1028
59-5421337,Kiley,Ubsdell,17/07/1971,F,54 Artisan Hill,Sydney,New South Wales,1134
10-5186383,Olimpia,Siret,30/05/1984,F,8273 Farragut Trail,Eastern Suburbs Mc,New South Wales,1315
88-0680858,Nataline,Lourenco,08/05/1977,F,19 Jenna Circle,Sydney,New South Wales,1130
66-4474557,Arlyne,Pelzer,15/05/1983,F,6762 Eastlawn Pass,Sydney South,New South Wales,1235
24-7650179,Eugenius,Moubray,15/05/1979,M,2 Eastwood Junction,Adelaide Mail Centre,South Australia,5869
07-7313200,Maurizio,Andriesse,15/01/1984,M,79 Oak Valley Road,Eastern Suburbs Mc,New South Wales,1315
87-8704503,Riva,Martinello,09/08/1980,F,974 Straubel Trail,Eastern Suburbs Mc,New South Wales,1315
20-7950653,Karoly,Brandon,01/09/1975,M,3 Havey Parkway,Sydney,New South Wales,1009
80-7951138,Oriana,Squirrell,28/08/1974,F,98 Alpine Lane,Adelaide,South Australia,5839
00-1771497,Bessie,Cutmare,15/12/1974,F,9 Anhalt Way,Northern Suburbs Mc,New South Wales,1694
65-1107729,Carleen,Shawel,10/12/1984,F,5 Division Place,Sydney,New South Wales,1028
89-0211246,Willette,Ledward,29/07/1973,F,50838 Lunder Parkway,Sydney,New South Wales,1191
31-5757882,Ian,Easterby,16/01/1989,M,23 Oak Point,Adelaide Mail Centre,South Australia,5869
42-5184011,Gilbert,Jensen,27/12/1976,M,210 Sunfield Road,Sydney,New South Wales,1130
01-9228702,Hirsch,Blissitt,22/09/1978,M,42 North Plaza,Eastern Suburbs Mc,New South Wales,1325
01-3398800,Imogen,Fryer,27/08/1981,F,6472 Mockingbird Pass,Sydney,New South Wales,1109
60-0317847,Fernandina,Salvatore,20/07/1981,F,6 Gulseth Crossing,Australia Square,New South Wales,1213
04-6317962,Ronnie,Kinsey,12/02/1978,F,5 Hooker Park,Sydney,New South Wales,1109
23-9830535,Nevin,De Andreis,06/10/1974,M,0 Delladonna Parkway,Strawberry Hills,New South Wales,1424
04-7998594,Julianne,Faithfull,18/04/1979,F,06324 Bayside Hill,Sydney,New South Wales,1161
82-0012975,Carlota,Mayger,12/05/1972,F,04 Manufacturers Trail,Sydney,New South Wales,1009
38-6413110,Edmon,Nornasell,07/06/1986,M,60 Crest Line Terrace,Australia Square,New South Wales,1213
64-8765851,Abbye,Osman,17/12/1975,F,95 Carberry Road,Sydney,New South Wales,1140
54-6177756,Cassius,De Francisci,21/12/1973,M,63 Mesta Drive,Northern Suburbs Mc,New South Wales,1694
18-0932365,Marla,Eccleshall,04/02/1979,F,29 Mcbride Pass,Hobart,Tasmania,7808
52-5529092,Ruthanne,Strutley,09/03/1978,F,59473 Old Gate Street,Sydney,New South Wales,1028
22-5274679,Chilton,Labbey,09/06/1974,M,482 Larry Park,Eastern Suburbs Mc,New South Wales,1325
56-5263326,Pavel,Lissandri,13/05/1985,M,3164 Nancy Hill,Adelaide Mail Centre,South Australia,5874
07-2922908,Cello,Hollyman,08/04/1989,M,23501 Moose Circle,Sydney South,New South Wales,1235
38-8860973,Arthur,Harlow,10/11/1987,M,244 Eliot Circle,Adelaide Mail Centre,South Australia,5869
98-0340480,Sly,Hillin,06/06/1982,M,3638 Ronald Regan Road,Sydney,New South Wales,1028
18-7492721,Maddy,McAdam,10/07/1984,F,4302 Warner Way,Sydney,New South Wales,1043
05-7577700,Javier,Ensley,06/08/1970,M,2271 Upham Way,Northern Suburbs Mc,New South Wales,1694
00-2882307,Kym,Korlat,28/12/1978,F,0 Cardinal Center,Sydney,New South Wales,1120
92-3026805,Rivy,Coonihan,10/05/1979,F,4672 Oriole Drive,Sydney,New South Wales,1206
49-5014490,Abram,Robjents,11/08/1986,M,47 Ohio Way,Melbourne,Victoria,8045
57-0382043,Alleen,Bedinn,26/03/1976,F,882 Fulton Parkway,Sydney,New South Wales,1181
62-6052387,Eduino,Fehely,30/04/1970,M,157 Evergreen Street,Eastern Suburbs Mc,New South Wales,1325
92-0809361,Gerrie,Silversmid,22/05/1984,F,33427 Eagan Trail,Perth,Western Australia,6843
73-0598394,Carmela,Himsworth,30/11/1984,F,57 Oriole Street,Brisbane,Queensland,9010
99-1085544,Meta,Dingate,23/04/1975,F,6 Pankratz Center,Hobart,Tasmania,7808
66-8566034,Gabriel,Rouf,17/02/1976,F,6 Basil Center,Adelaide,South Australia,5839
94-5698589,Shepperd,Fist,30/08/1981,M,4365 Thompson Road,Eastern Suburbs Mc,New South Wales,1391
37-0256027,Rustin,Clapston,04/08/1981,M,5 Basil Hill,Hobart,Tasmania,7808
07-0317502,Teena,Buie,04/08/1975,F,59 Commercial Alley,Launceston,Tasmania,7904
92-2728635,Darin,Reagan,27/09/1982,M,66659 Fulton Plaza,Adelaide Mail Centre,South Australia,5869
33-6704422,Giacobo,Colbourn,01/11/1970,M,1673 Anzinger Court,Hobart,Tasmania,7803
87-7193017,Maynord,Privett,30/06/1985,M,5838 2nd Street,Sydney,New South Wales,1043
59-9140597,Quintilla,Glyne,03/11/1978,F,95 Novick Court,Eastern Suburbs Mc,New South Wales,1391
15-2219143,Astrid,Ucchino,12/02/1986,F,91 Superior Terrace,Sydney,New South Wales,1009
59-7510232,Armand,Tunesi,10/05/1970,M,1328 Swallow Lane,Sydney,New South Wales,1196
41-7784931,Inger,Aaronsohn,22/02/1984,F,269 Saint Paul Hill,Australia Square,New South Wales,1213
34-5207400,Roma,Gaddes,24/03/1987,M,48 Susan Alley,Melbourne,Victoria,8045
65-5397556,Marcelle,Ascroft,21/09/1980,F,31262 Pankratz Street,Perth,Western Australia,6817
08-4751149,Xena,Firpi,28/03/1980,F,5949 Fremont Drive,Perth,Western Australia,6843
97-9510852,Brewer,Kincaid,18/05/1982,M,62 Miller Terrace,Strawberry Hills,New South Wales,1424
28-8042981,Sawyere,MacDearmaid,10/05/1970,M,23 Bluestem Terrace,Adelaide Mail Centre,South Australia,5889
52-2290374,Irvine,Scotti,30/08/1973,M,60 Holmberg Road,Sydney South,New South Wales,1235
82-6393856,Lind,Gatherer,23/08/1977,M,28 Clarendon Hill,Sydney,New South Wales,1171
59-8992067,Susannah,Akam,12/06/1986,F,407 Randy Parkway,Sydney,New South Wales,1009
36-1437805,Marsha,Lethbrig,28/06/1985,F,0 Dryden Point,Hobart,Tasmania,7803
96-3614464,Taryn,Farrant,13/01/1982,F,2 La Follette Drive,Hobart,Tasmania,7803
40-2008454,Sky,Gatman,13/10/1970,M,9163 Springview Point,Sydney South,New South Wales,1235
56-8583968,Bertram,Skrine,29/03/1980,M,0585 Fair Oaks Circle,Hobart,Tasmania,7808
40-3145113,Nealson,Wroath,30/11/1984,M,3 Leroy Junction,Sydney,New South Wales,1171
67-3997297,Jodie,Seefus,07/09/1987,M,2 Morrow Trail,Launceston,Tasmania,7916
30-4001207,Jolene,Ende,27/05/1976,F,8 Westridge Plaza,Hobart,Tasmania,7803
15-0528487,Benjie,Knock,25/02/1981,M,673 Erie Road,Sydney,New South Wales,1134
95-7625228,Cord,Labadini,16/11/1983,M,0 Lighthouse Bay Parkway,Sydney,New South Wales,1134
10-0210356,Priscilla,Tretter,02/07/1979,F,4570 Summit Pass,Eastern Suburbs Mc,New South Wales,1325
44-4732690,Josi,Longhurst,26/11/1982,F,62 Mifflin Avenue,Strawberry Hills,New South Wales,1424
26-3080267,Perle,Edgeson,08/08/1988,F,5 Drewry Terrace,Hobart,Tasmania,7803
00-6878780,Aloysia,Glandon,25/05/1987,F,13 Glacier Hill Street,Hobart,Tasmania,7803
89-4667193,Ginelle,Beddie,02/10/1980,F,9494 Loomis Place,Sydney,New South Wales,1130
18-1539373,Karine,Beckson,06/06/1989,F,62611 Esker Circle,Sydney,New South Wales,1206
66-3758269,Weston,Kembrey,09/05/1970,M,165 Susan Circle,Adelaide Mail Centre,South Australia,5889
31-8030746,Sybilla,Aynold,28/12/1988,F,51 Monica Crossing,Sydney,New South Wales,1196
74-2535535,Reinald,Flynn,22/09/1976,M,47 Emmet Way,Sydney,New South Wales,1140
67-2212416,Darryl,Baron,29/10/1971,M,10200 Moulton Park,Sydney,New South Wales,1181
48-2310817,Cyrille,Izzard,23/06/1989,M,4147 Fairview Point,Sydney,New South Wales,1033
69-0638090,Marwin,Cruickshank,11/09/1988,M,1188 Brown Junction,Sydney,New South Wales,1140
25-9502381,Mariel,Rosenberg,21/02/1970,F,9 Ohio Lane,Sydney,New South Wales,1028
17-7045451,Fair,Housbey,22/05/1976,M,911 Monica Road,Sydney,New South Wales,1033
48-3693330,Tess,Faust,24/02/1975,F,6 Talisman Lane,Sydney,New South Wales,1196
03-6116904,Gunilla,Lomath,18/08/1987,F,99 Homewood Drive,Australia Square,New South Wales,1213
68-3501031,Mavra,Elsy,02/03/1979,F,0338 Longview Center,Hobart,Tasmania,7803
53-9145965,Abbott,Saipy,25/05/1986,M,6 Comanche Park,Sydney,New South Wales,1109
31-4964640,Garvin,Chadwell,02/07/1989,M,7401 Nova Street,Sydney,New South Wales,1120
39-9729037,Neile,Cuerdale,24/09/1973,F,1826 Almo Park,Sydney,New South Wales,1191
09-4635021,Sharleen,Linsay,23/03/1989,F,83 Pine View Plaza,Launceston,Tasmania,7916
44-0539887,Lurlene,Manon,17/07/1970,F,609 Straubel Trail,Perth,Western Australia,6817
28-1532509,Dag,Painten,17/03/1974,M,30268 Eagle Crest Drive,Hobart,Tasmania,7803
48-1298040,Aluin,Ruzic,23/12/1989,M,46795 Messerschmidt Crossing,Brisbane,Queensland,9010
54-2486859,Kaylil,Ibberson,27/09/1976,F,00 Ridge Oak Trail,Eastern Suburbs Mc,New South Wales,1315
51-2626674,Nicolea,Mounter,09/05/1973,F,74192 Oxford Drive,Brisbane,Queensland,9010
11-0198036,Robbie,Gratrix,17/04/1982,M,43109 Dexter Way,Sydney,New South Wales,1171
30-5073491,Eb,Coleman,10/11/1987,M,95 Mandrake Court,Hobart,Tasmania,7808
45-8630866,Granger,Ridge,22/03/1980,M,8614 Shoshone Avenue,Sydney,New South Wales,1109
85-1459531,Wang,Wapples,08/04/1970,M,3100 Barnett Way,Adelaide Mail Centre,South Australia,5899
35-7507240,Zondra,McAllester,18/06/1988,F,14 Sullivan Avenue,Melbourne,Victoria,8045
25-0621206,Anastassia,Tassel,29/01/1980,F,47762 Luster Pass,Sydney,New South Wales,1140
88-9393296,Kristopher,Iacobassi,05/06/1988,M,89500 Burrows Parkway,Sydney,New South Wales,1033
41-6335331,Haskell,Kingh,13/10/1983,M,978 Beilfuss Junction,Sydney,New South Wales,1120
92-5709806,Cariotta,Cornelis,18/11/1976,F,68 Scott Pass,Hobart,Tasmania,7803
58-5896594,Lindy,Milburne,07/09/1979,M,04 Calypso Street,Sydney,New South Wales,1120
69-6803067,Aldwin,Cliss,08/12/1980,M,864 Sunnyside Parkway,Sydney,New South Wales,1161
51-1608992,Roselin,Service,06/05/1979,F,60029 Scofield Point,Sydney South,New South Wales,1235
83-4132642,Freddy,MacCafferky,02/09/1981,M,5313 Londonderry Court,Sydney,New South Wales,1196
70-9089087,Sully,Swadon,22/06/1982,M,46774 Roxbury Terrace,Sydney,New South Wales,1140
55-6095146,Sue,Ziehm,18/06/1979,F,1 Paget Place,Sydney,New South Wales,1171
67-1930896,Russell,Jeavons,18/04/1987,M,30105 Westport Center,Adelaide,South Australia,5839
31-4197012,Min,Style,18/11/1988,F,218 Bashford Avenue,Sydney,New South Wales,1191
02-9284867,Abba,Cassar,03/11/1975,M,24 Bartelt Trail,Sydney,New South Wales,1181
06-6310613,Pietra,McOrkill,12/05/1988,F,61 Vidon Crossing,Sydney,New South Wales,1171
09-8418010,Sheba,Condit,25/07/1980,F,7291 Randy Crossing,Sydney,New South Wales,1206
65-0420669,Alene,Wych,02/12/1971,F,6506 Transport Circle,Sydney,New South Wales,1134
82-8900942,Nonnah,Klaggeman,09/08/1982,F,561 Kinsman Point,Sydney,New South Wales,1109
43-5618376,Simona,Houldey,21/06/1982,F,54100 Arrowood Hill,Adelaide Mail Centre,South Australia,5889
86-5471111,Warden,Llewellen,08/02/1970,M,6572 Sachs Parkway,Sydney,New South Wales,1043
91-8518210,Shayna,Nasi,27/07/1977,F,5385 Shelley Lane,Launceston,Tasmania,7904
65-5043924,Charlene,Haney`,09/02/1987,F,5 Reinke Park,Sydney,New South Wales,1171
52-7009404,Jamey,Rycraft,02/04/1988,M,855 Katie Crossing,Australia Square,New South Wales,1213
64-0407115,Link,Avrahamian,09/10/1971,M,25409 Grayhawk Point,Australia Square,New South Wales,1213
06-6252346,Granthem,Strother,03/02/1985,M,0 Pearson Crossing,Sydney South,New South Wales,1235
49-1067763,Yanaton,Cleaver,28/04/1988,M,15863 Mcguire Plaza,Sydney,New South Wales,1206
53-6206117,Dolli,Beaby,16/05/1972,F,5 Briar Crest Center,Australia Square,New South Wales,1213
07-2340080,Roxana,Samweyes,24/09/1987,F,71 New Castle Place,Brisbane,Queensland,9010
04-9357646,Dalt,Dunthorn,29/01/1980,M,13 Melody Terrace,Melbourne,Victoria,8045
08-0952906,Gonzales,Williamson,23/06/1988,M,01 Del Mar Hill,Hobart,Tasmania,7808
37-2934366,Alys,Trathan,18/06/1977,F,274 Coleman Point,Launceston,Tasmania,7904
20-9664340,Oona,Peacop,31/05/1978,F,8 Warrior Circle,Sydney,New South Wales,1043
86-2968291,Kev,Whiteway,30/06/1974,M,44 Moulton Road,Northern Suburbs Mc,New South Wales,1694
42-4151844,Claudianus,Delves,20/02/1970,M,7212 Stang Park,Sydney,New South Wales,1120
19-1939627,Jasmine,Swadlin,11/10/1971,F,7 Roth Place,Sydney,New South Wales,1043
39-7209314,Ethelyn,Benedite,29/10/1982,F,0986 Ramsey Point,Australia Square,New South Wales,1213
35-4506892,Jeremie,O'Shiel,19/02/1986,M,895 Grover Way,Sydney,New South Wales,1181
24-1593469,Ellyn,Kirman,06/05/1986,F,9676 Dawn Plaza,Sydney,New South Wales,1140
42-3510597,Pat,Volkers,06/12/1975,M,6801 Kennedy Road,Sydney,New South Wales,1161
56-7422762,Kris,Pitherick,18/05/1982,M,58 Gina Way,Sydney,New South Wales,1206
52-6435245,Dukey,Martyn,18/04/1970,M,36 Warrior Lane,Sydney,New South Wales,1109
62-6242121,Charles,Basler,24/12/1984,M,2690 Nobel Terrace,Sydney,New South Wales,1140
45-5649550,Obidiah,Bowld,08/09/1985,M,57 Oriole Junction,Launceston,Tasmania,7916
67-7861761,Konstantine,Pentecust,30/01/1971,M,55 Meadow Ridge Alley,Eastern Suburbs Mc,New South Wales,1391
12-2806082,Corissa,O'Hanlon,06/08/1975,F,9 Northland Circle,Sydney,New South Wales,1033
35-3590976,Ellen,Doul,12/08/1971,F,9760 Weeping Birch Avenue,Sydney South,New South Wales,1235
01-1813556,Corbin,Cowdroy,01/04/1976,M,5 Erie Hill,Sydney,New South Wales,1009
66-2857317,Ceil,Moodey,16/02/1989,F,9 Manley Plaza,Perth,Western Australia,6843
62-3899940,Salomon,Peddie,16/06/1973,M,050 Truax Crossing,Sydney,New South Wales,1134
22-7091547,Ly,Chilcotte,03/01/1978,M,504 Gale Crossing,Adelaide Mail Centre,South Australia,5899
88-8923347,Abbie,Myford,26/05/1981,F,2 Roth Point,Perth,Western Australia,6843
42-9145238,Barri,Cordy,27/02/1980,M,079 American Point,Northern Suburbs Mc,New South Wales,1694
97-9344598,Lorant,Heynen,15/02/1978,M,95 Boyd Way,Sydney,New South Wales,1171
59-1024214,Hattie,Touson,19/06/1971,F,954 Oxford Hill,Perth,Western Australia,6817
11-1040889,Arny,Banham,30/08/1983,M,9280 Lillian Crossing,Perth,Western Australia,6843
51-5695603,Tyler,Kennewell,11/08/1987,M,3231 Tomscot Point,Sydney,New South Wales,1196
33-0458658,Lory,Passion,19/10/1987,F,1 Larry Trail,Adelaide Mail Centre,South Australia,5889
58-8975342,Bev,Dunseath,30/04/1989,F,12 Twin Pines Park,Sydney,New South Wales,1191
24-5296405,Vassily,Jackman,30/11/1987,M,826 Saint Paul Crossing,Sydney,New South Wales,1120
99-2169331,Rosemonde,Geldeford,29/06/1982,F,7840 Beilfuss Pass,Sydney,New South Wales,1134
29-8040695,Wiatt,Fawthorpe,23/04/1980,M,63349 Tennyson Center,Sydney,New South Wales,1043
43-1583052,Harwell,Lezemere,23/01/1985,M,7255 7th Center,Adelaide,South Australia,5839
02-8664907,Emmit,Howlin,30/08/1973,M,3485 Porter Crossing,Adelaide Mail Centre,South Australia,5869
20-1806942,Anny,Dinsey,20/07/1978,F,089 Longview Terrace,Eastern Suburbs Mc,New South Wales,1391
16-1611786,Findlay,Anyon,20/03/1971,M,23293 Annamark Court,Sydney,New South Wales,1171
23-0848901,Carter,Seak,27/11/1978,M,605 Shelley Lane,Launceston,Tasmania,7916
62-2132282,Maude,Billion,23/02/1979,F,6 Waywood Street,Melbourne,Victoria,8383
56-7838083,Wake,Spelsbury,14/04/1984,M,838 Dryden Circle,Brisbane,Queensland,9010
61-8940156,Ody,Philpin,30/06/1978,M,908 Meadow Ridge Trail,Eastern Suburbs Mc,New South Wales,1315
35-9304959,Kylie,Marvelley,17/10/1977,F,663 Gale Center,Sydney,New South Wales,1196
29-8146637,Rand,Gibling,09/05/1980,M,360 Lakewood Gardens Point,Adelaide Mail Centre,South Australia,5899
20-1585352,Annis,Salmon,02/02/1987,F,97589 Holy Cross Avenue,Strawberry Hills,New South Wales,1424
54-7212102,Benni,Nickols,19/03/1979,F,5336 Carioca Hill,Sydney,New South Wales,1161
77-2704431,Vaclav,Hazeup,26/02/1970,M,30424 Browning Parkway,Melbourne,Victoria,8383
14-1458897,Bary,Gotcliff,25/11/1985,M,9 Gulseth Way,Sydney South,New South Wales,1235
89-8563786,Barbey,Caplen,03/07/1979,F,1 Oriole Avenue,Sydney,New South Wales,1206
58-7215193,Kile,Chancellor,27/11/1972,M,728 Alpine Parkway,Hobart,Tasmania,7803
64-1148373,Pebrook,Viste,03/01/1976,M,0 Mockingbird Avenue,Eastern Suburbs Mc,New South Wales,1325
03-2340168,Todd,Leacock,11/05/1973,M,0 Larry Street,Strawberry Hills,New South Wales,1424
13-9960354,Wilt,Glaze,23/03/1970,M,788 Green Circle,Sydney,New South Wales,1140
55-3483174,Stafford,Marc,18/10/1979,M,95309 Colorado Street,Sydney,New South Wales,1191
25-0846844,Mariele,Mee,03/10/1981,F,75907 Delaware Parkway,Sydney,New South Wales,1109
16-4692869,Cordell,Greenley,29/06/1975,M,95996 Kipling Trail,Perth,Western Australia,6817
06-8996234,Hayden,Guiet,07/03/1985,M,8498 Northfield Way,Adelaide Mail Centre,South Australia,5874
74-7481786,Yolanda,Rozalski,28/05/1974,F,2620 Bluejay Pass,Sydney,New South Wales,1206
25-0902197,Halie,Betteriss,26/07/1987,F,5 Commercial Junction,Sydney,New South Wales,1161
43-7867613,Nigel,Harvison,28/10/1979,M,81 Debra Alley,Sydney,New South Wales,1134
31-1121105,Harlie,Ashtonhurst,26/11/1988,F,8330 Ridge Oak Place,Melbourne,Victoria,8045
64-2818802,Lavena,Tack,31/10/1984,F,70665 Westridge Hill,Sydney,New South Wales,1120
03-4065249,Marcile,Quilty,10/04/1971,F,0 Kingsford Lane,Sydney,New South Wales,1033
74-5554719,Elayne,Pickavance,12/10/1980,F,37316 Annamark Drive,Brisbane,Queensland,9010
61-6137907,Simone,Casson,09/08/1985,F,1 Oakridge Drive,Launceston,Tasmania,7916
64-0083497,Almeda,Grey,16/09/1971,F,325 Roth Junction,Adelaide Mail Centre,South Australia,5889
16-1097308,Rubina,Collingridge,17/07/1987,F,4 Dakota Alley,Eastern Suburbs Mc,New South Wales,1325
27-3079445,Mitchael,Hagland,09/07/1980,M,71 Claremont Plaza,Sydney,New South Wales,1109
83-7107230,Wilhelmine,Duffie,25/02/1989,F,46 Boyd Drive,Eastern Suburbs Mc,New South Wales,1315
65-7854495,Yehudit,Toman,08/05/1970,M,03 Lillian Lane,Adelaide Mail Centre,South Australia,5874
01-8930222,Kerk,Domke,26/12/1982,M,1989 Evergreen Junction,Sydney,New South Wales,1109
18-4438905,Tallie,Van der Son,03/02/1975,M,9250 Westridge Trail,Sydney,New South Wales,1120
28-7890084,Sonia,Cowans,26/01/1985,F,3209 Valley Edge Pass,Perth,Western Australia,6817
07-6901359,Arman,Rallin,11/12/1984,M,81 Butterfield Center,Sydney,New South Wales,1206
74-4624152,Papageno,Manhare,30/04/1981,M,8 Eastwood Crossing,Sydney,New South Wales,1109
03-2413259,Hestia,Driscoll,21/07/1988,F,27 Ohio Crossing,Sydney,New South Wales,1206
85-1709849,Tomasine,Mannion,19/09/1978,F,5103 Hooker Terrace,Perth,Western Australia,6843
51-6950649,Cesya,Ollenbuttel,27/08/1975,F,6949 Lindbergh Plaza,Sydney,New South Wales,1134
05-8605572,Drona,Gaven,21/07/1972,F,09883 Northland Crossing,Sydney,New South Wales,1134
04-2043814,Gordie,Riquet,20/09/1977,M,85 Messerschmidt Plaza,Sydney,New South Wales,1181
91-2371927,Shurlocke,Rudyard,05/01/1987,M,51 Independence Hill,Eastern Suburbs Mc,New South Wales,1315
92-8510362,Georgi,Abrahmson,26/04/1970,M,630 Dryden Crossing,Sydney,New South Wales,1171
87-2708254,Arabela,Gumery,02/11/1984,F,2 Merchant Drive,Sydney,New South Wales,1109
75-3169262,Ddene,Nemchinov,05/12/1970,F,851 Bartillon Point,Sydney,New South Wales,1140
93-8686972,Kinsley,Chick,31/01/1975,M,6169 Farmco Terrace,Sydney,New South Wales,1191
88-7992294,Karlie,McPeice,09/01/1985,F,129 Westport Crossing,Sydney South,New South Wales,1235
74-0751844,Kristan,Seeley,14/07/1978,F,49630 Park Meadow Hill,Sydney,New South Wales,1120
49-7493174,Blondelle,McCritichie,08/07/1973,F,8667 Russell Point,Hobart,Tasmania,7803
68-1584432,Wallie,Grigorescu,18/01/1984,F,1610 Meadow Ridge Way,Sydney,New South Wales,1171
72-2109149,Mariquilla,Row,09/12/1976,F,683 Tomscot Junction,Brisbane,Queensland,9010
09-5703994,Cullin,Matejka,09/03/1984,M,82 Brentwood Point,Sydney,New South Wales,1206
71-9143213,Granger,Abrahmson,11/11/1989,M,3242 Del Mar Parkway,Northern Suburbs Mc,New South Wales,1694
93-6767603,Lyell,Skocroft,14/06/1973,M,1 4th Crossing,Eastern Suburbs Mc,New South Wales,1325
67-5759570,Thornie,Gerson,21/08/1988,M,135 Springview Terrace,Melbourne,Victoria,8383
38-2618559,Derward,Wadelin,02/11/1982,M,7015 Vidon Point,Melbourne,Victoria,8383
24-2048822,Riordan,Litchfield,29/10/1988,M,4441 Beilfuss Terrace,Australia Square,New South Wales,1213
19-4668550,Jaimie,Basnett,15/06/1984,F,597 Vera Circle,Adelaide,South Australia,5839
93-5707108,Charlot,Littlefair,07/12/1971,F,34 Vernon Street,Adelaide Mail Centre,South Australia,5889
21-5711085,Madel,Lyddy,06/01/1977,F,0668 Meadow Vale Point,Sydney,New South Wales,1043
27-1853043,Killy,Maybey,02/02/1973,M,401 Hayes Junction,Eastern Suburbs Mc,New South Wales,1391
65-9236235,Sileas,Aspenlon,29/12/1988,F,709 Crescent Oaks Point,Sydney,New South Wales,1130
07-7567576,Dominic,Blair,16/05/1979,M,06081 Blaine Junction,Northern Suburbs Mc,New South Wales,1694
72-7597933,Lanny,Eldridge,01/11/1975,M,76 Anthes Way,Brisbane,Queensland,9010
14-2386410,Consuela,Potkin,12/04/1971,F,6822 Glendale Center,Sydney,New South Wales,1196
06-2442191,Marcelo,Dasent,31/12/1970,M,69 Boyd Street,Sydney,New South Wales,1109
23-6014295,Beniamino,Pearton,11/08/1972,M,02504 East Way,Sydney,New South Wales,1196
92-1025073,Dominic,Norster,03/12/1981,M,63320 Thierer Circle,Adelaide Mail Centre,South Australia,5869
01-2766568,Creighton,Cunniff,01/09/1974,M,763 Riverside Drive,Sydney,New South Wales,1140
11-4010646,Lowrance,Starkings,24/06/1973,M,830 High Crossing Pass,Sydney,New South Wales,1140
81-9642489,Dal,Gilardi,17/03/1978,M,49440 Buell Way,Strawberry Hills,New South Wales,1424
80-3194370,Ursala,Yitzhakov,17/03/1977,F,3 Talisman Center,Sydney,New South Wales,1009
94-2109547,Eugenia,Walbrun,12/06/1986,F,36 School Place,Sydney,New South Wales,1134
61-5829796,Ange,Wimlett,02/05/1980,M,807 Katie Lane,Perth,Western Australia,6817
24-6180641,Adrianne,Proback,20/01/1976,F,2453 Almo Alley,Sydney South,New South Wales,1235
26-5674833,Herta,Eveling,29/03/1981,F,316 Eastwood Center,Melbourne,Victoria,8383
63-1975230,Briant,Francklin,10/04/1989,M,6 Continental Place,Eastern Suburbs Mc,New South Wales,1315
34-1370470,Roana,Hulcoop,25/09/1983,F,9 Londonderry Trail,Adelaide Mail Centre,South Australia,5889
86-5156347,Hattie,Consadine,26/02/1984,F,7380 8th Lane,Sydney,New South Wales,1134
87-7525846,Carce,Laslett,07/01/1972,M,260 Debra Circle,Sydney,New South Wales,1134
60-8043044,Alwin,Dunlap,30/08/1978,M,42 Talisman Avenue,Sydney,New South Wales,1140
04-5759256,Freddi,Clawsley,13/05/1983,F,6601 Eagan Road,Hobart,Tasmania,7808
06-5223952,Rriocard,Cashell,10/12/1983,M,93451 Superior Plaza,Sydney,New South Wales,1181
21-7087011,Merline,Jankiewicz,02/09/1977,F,61 Talisman Way,Sydney,New South Wales,1009
84-0046634,Cori,Scolding,14/01/1977,M,8768 Almo Trail,Eastern Suburbs Mc,New South Wales,1325
03-6180683,Lawton,McCreedy,09/06/1974,M,3228 Memorial Court,Perth,Western Australia,6843
41-2249396,Moina,McPharlain,29/09/1978,F,00038 Rusk Junction,Adelaide Mail Centre,South Australia,5889
44-2885998,Wally,Alberti,08/11/1972,M,21281 Chinook Way,Sydney,New South Wales,1109
37-4950112,Deloris,Shales,04/09/1971,F,5 Texas Junction,Sydney,New South Wales,1171
62-4092116,Marjy,Hazzard,06/01/1985,F,318 Little Fleur Way,Australia Square,New South Wales,1213
76-3919201,Dicky,Iskowicz,16/10/1974,M,441 High Crossing Parkway,Adelaide Mail Centre,South Australia,5869
33-2632314,Corri,Fishley,06/04/1980,F,54 Bay Hill,Northern Suburbs Mc,New South Wales,1694
02-1681437,Garth,Weaben,04/12/1982,M,41 Fremont Court,Sydney,New South Wales,1009
98-1526598,Austin,Daverin,23/02/1981,M,2 Nova Plaza,Sydney,New South Wales,1140
52-1745052,Silvio,Baguley,30/05/1989,M,4 Kenwood Alley,Strawberry Hills,New South Wales,1424
87-5034234,Claudetta,Gaylord,08/05/1979,F,6691 Holmberg Center,Sydney,New South Wales,1206
64-2025940,Glenn,Franies,01/11/1976,F,88510 Dwight Lane,Melbourne,Victoria,8383
54-6093110,Miles,Hymor,09/05/1983,M,4 Lyons Court,Perth,Western Australia,6843
66-5624684,Alard,McDuffy,05/09/1978,M,0248 Westerfield Circle,Sydney,New South Wales,1161
57-9935374,Fawnia,Ironmonger,09/11/1982,F,27160 Hoard Alley,Eastern Suburbs Mc,New South Wales,1315
18-5959819,Kenon,Ianiello,17/02/1981,M,04 South Avenue,Launceston,Tasmania,7904
18-1521883,Aloise,Strange,19/04/1971,F,1 Ridgeway Avenue,Hobart,Tasmania,7803
77-7963483,Nikita,Gibbetts,19/08/1982,M,74601 Butterfield Terrace,Sydney,New South Wales,1028
17-7866323,Ken,Raitie,10/07/1981,M,24 Caliangt Trail,Sydney,New South Wales,1120
77-2386608,Guy,Michael,12/05/1986,M,7494 Messerschmidt Point,Sydney,New South Wales,1196
27-8034714,Reggie,Pedracci,26/11/1971,M,74929 Dottie Way,Melbourne,Victoria,8383
71-8185654,Matilda,Heims,21/03/1988,F,810 Gina Center,Launceston,Tasmania,7916
23-3472992,Omero,Udall,16/03/1988,M,42236 Banding Place,Sydney South,New South Wales,1235
10-3949549,Giustino,Andrick,30/08/1989,M,3713 Mendota Parkway,Northern Suburbs Mc,New South Wales,1694
05-8286064,Cullan,Soares,23/01/1978,M,11 Dryden Park,Eastern Suburbs Mc,New South Wales,1391
92-3291242,Vally,Aldhouse,16/06/1981,F,1 Granby Street,Hobart,Tasmania,7808
45-6101158,Osmund,Ashbe,08/01/1985,M,5 Autumn Leaf Junction,Sydney,New South Wales,1206
39-8826085,Lincoln,Coppenhall,19/06/1979,M,06 Lakewood Gardens Trail,Launceston,Tasmania,7916
83-3831503,Alma,Berthomieu,21/01/1981,F,9440 Forest Dale Parkway,Sydney,New South Wales,1191
74-2978346,Belita,Tatlow,05/04/1982,F,01357 Spohn Terrace,Adelaide,South Australia,5839
88-5024384,Rosabel,Kupper,02/10/1980,F,722 Bartelt Place,Sydney,New South Wales,1028
82-3719458,Berne,Quiddington,31/12/1982,M,7377 Fisk Hill,Melbourne,Victoria,8045
97-4898634,Tomi,Oldknowe,28/07/1986,F,4 Maywood Alley,Sydney South,New South Wales,1235
87-3771960,Josepha,Rassmann,24/01/1986,F,5 Fulton Parkway,Adelaide Mail Centre,South Australia,5869
05-0476252,Wilton,Panks,08/01/1972,M,19 Jay Junction,Sydney,New South Wales,1109
41-4283638,Gare,O'Glessane,01/04/1986,M,41779 Erie Drive,Strawberry Hills,New South Wales,1424
33-4959786,Analiese,Scardefield,29/03/1984,F,794 Marcy Way,Brisbane,Queensland,9010
50-8833488,Talbot,Pherps,05/01/1984,M,25454 Butternut Junction,Australia Square,New South Wales,1213
83-2513085,Duke,Hair,26/11/1981,M,775 Ramsey Park,Adelaide Mail Centre,South Australia,5899
23-7786962,Luther,Stang-Gjertsen,20/06/1975,M,3 Independence Street,Sydney,New South Wales,1181
12-5192571,Salvidor,Grabert,26/10/1973,M,33 Dahle Way,Perth,Western Australia,6817
63-0291650,Blisse,Bruinsma,03/05/1977,F,82 Mifflin Terrace,Melbourne,Victoria,8045
08-1396944,Elinor,Balmforth,13/01/1973,F,4 Mallory Terrace,Sydney,New South Wales,1109
09-4061315,Chan,Frensch,02/02/1977,M,781 Becker Park,Launceston,Tasmania,7916
84-1788369,Jannel,Dinneges,16/09/1970,F,11697 Golf Parkway,Eastern Suburbs Mc,New South Wales,1315
34-0804578,Dwight,Doherty,08/09/1973,M,84 Oriole Way,Adelaide Mail Centre,South Australia,5899
95-0401811,Vallie,Giff,15/08/1975,F,8587 Trailsway Place,Australia Square,New South Wales,1213
65-7042143,Dorothee,Mathieu,02/08/1981,F,870 Eggendart Center,Sydney,New South Wales,1191
28-5032202,Bern,Carpenter,17/12/1978,M,830 Walton Crossing,Sydney,New South Wales,1140
12-2830399,Gayelord,Labes,14/06/1984,M,77 Columbus Point,Sydney,New South Wales,1196
26-8371346,Brian,Elham,09/02/1979,M,8122 Westridge Place,Sydney South,New South Wales,1235
50-0805569,Brinna,Swafford,08/02/1977,F,87943 Moland Center,Sydney,New South Wales,1206
06-9701375,Ruttger,Caudle,21/08/1979,M,85 American Ash Circle,Sydney,New South Wales,1109
93-9540666,Gilberte,Robillard,05/05/1987,F,9 Park Meadow Court,Adelaide Mail Centre,South Australia,5889
94-2491476,Melicent,Sirman,27/11/1987,F,7780 Declaration Hill,Sydney,New South Wales,1206
62-2781512,Petronille,Strotone,20/05/1978,F,16 Moose Parkway,Eastern Suburbs Mc,New South Wales,1315
73-7929213,Lon,de Juares,15/09/1972,M,09372 Boyd Court,Sydney,New South Wales,1109
66-7157420,Thomasine,Grono,09/01/1984,F,637 Mosinee Circle,Strawberry Hills,New South Wales,1424
63-8651123,Petronia,Flowith,13/11/1978,F,9 Transport Trail,Sydney,New South Wales,1009
14-7137115,Alika,Norker,09/11/1986,F,77009 Sundown Alley,Eastern Suburbs Mc,New South Wales,1315
12-1079782,Nixie,Walley,26/03/1976,F,04 Lindbergh Hill,Adelaide Mail Centre,South Australia,5874
20-7272431,Pat,Canadine,25/08/1988,M,5093 Clyde Gallagher Park,Sydney,New South Wales,1140
49-8207571,See,Denacamp,27/04/1980,M,2 Monterey Pass,Sydney,New South Wales,1181
35-6875785,Jerad,Kirkup,30/10/1976,M,541 Heath Way,Sydney,New South Wales,1134
41-6868133,Rutter,Fishly,02/06/1974,M,2305 Bluejay Alley,Sydney,New South Wales,1033
04-0077392,Birdie,Dod,25/08/1978,F,26769 Carioca Junction,Brisbane,Queensland,9010
08-9133883,Meridith,Berrisford,19/07/1989,F,1 Petterle Hill,Melbourne,Victoria,8383
98-2384604,Micki,Kinsett,12/04/1984,F,16 Hooker Point,Adelaide Mail Centre,South Australia,5899
95-0647151,Chalmers,Errey,24/12/1974,M,28 Heath Parkway,Sydney,New South Wales,1120
41-1746395,Iorgos,Trotter,23/02/1982,M,9 Maryland Terrace,Launceston,Tasmania,7904
04-6084678,Roselin,Kleinert,14/02/1987,F,07 Darwin Court,Perth,Western Australia,6817
96-8860931,Ryon,Ridehalgh,31/07/1977,M,81 Gerald Pass,Eastern Suburbs Mc,New South Wales,1315
11-2156352,Wilona,Messenbird,24/12/1976,F,597 Corscot Plaza,Adelaide,South Australia,5839
96-9275766,Cayla,Geillier,14/02/1978,F,8914 Elka Center,Adelaide Mail Centre,South Australia,5889
91-5550151,Mil,Arboin,27/09/1983,F,8508 Mandrake Park,Sydney,New South Wales,1181
50-4135381,Shellysheldon,Waudby,03/10/1987,M,9312 Oxford Drive,Adelaide Mail Centre,South Australia,5874
51-6278992,Liesa,Cargenven,19/10/1977,F,99 Orin Pass,Sydney,New South Wales,1120
06-7320797,Brien,Aldritt,11/03/1978,M,8623 Ilene Lane,Sydney,New South Wales,1028
94-8778376,Melisenda,Penelli,14/11/1981,F,59 Everett Trail,Sydney,New South Wales,1043
04-4617480,Fania,Sogg,30/07/1975,F,5 Bonner Circle,Strawberry Hills,New South Wales,1424
04-3596472,Isahella,Leakner,04/09/1972,F,99694 Debra Lane,Sydney,New South Wales,1033
72-8257231,Mathilde,Vaan,07/07/1980,F,7129 Elka Center,Adelaide,South Australia,5839
93-7343269,Wylma,Emlen,19/02/1970,F,815 Portage Way,Perth,Western Australia,6817
63-2982841,Timmie,McCoish,28/09/1986,M,9469 Hollow Ridge Court,Melbourne,Victoria,8045
59-2725197,Keefer,Diperaus,23/10/1980,M,7779 Rockefeller Crossing,Adelaide Mail Centre,South Australia,5899
71-7293295,Lib,Feldhammer,19/12/1971,F,843 Nevada Parkway,Sydney,New South Wales,1206
15-1082714,Myrlene,Utterson,28/04/1983,F,41545 Ludington Trail,Sydney,New South Wales,1109
65-8694349,Gay,Cowdroy,24/07/1980,F,57794 Springs Center,Sydney,New South Wales,1191
96-4932290,Alva,Waddam,17/06/1984,M,6212 Monterey Court,Sydney,New South Wales,1120
50-6065226,Devland,Keenan,05/08/1979,M,09 Bowman Lane,Launceston,Tasmania,7916
03-9888734,Lilith,Woolaghan,04/04/1980,F,827 Scofield Lane,Sydney,New South Wales,1206
65-1356453,Corrine,Biever,19/06/1978,F,3024 Oakridge Plaza,Northern Suburbs Mc,New South Wales,1694
11-6968801,Axel,Brakespear,27/07/1970,M,6652 Bowman Center,Sydney,New South Wales,1161
41-7348076,Maryl,Willard,05/04/1979,F,0 Schlimgen Drive,Sydney,New South Wales,1120
68-9003076,Winna,Priddie,07/04/1982,F,7 Jenifer Circle,Eastern Suburbs Mc,New South Wales,1315
87-3405924,Hal,Messent,05/07/1973,M,759 Miller Plaza,Sydney,New South Wales,1206
51-0145259,Albertina,Gavini,20/03/1970,F,4218 Green Ridge Avenue,Sydney,New South Wales,1043
37-8206426,Libbie,Borrie,08/05/1973,F,086 Union Junction,Perth,Western Australia,6817
21-1961249,Janette,Ciccetti,10/08/1989,F,40635 Portage Way,Northern Suburbs Mc,New South Wales,1694
33-9872743,Jacynth,Silveston,15/04/1971,F,61491 Blue Bill Park Point,Sydney,New South Wales,1028
77-6269310,Brock,Reglar,19/01/1971,M,1 Transport Street,Adelaide Mail Centre,South Australia,5889
07-6056482,Ximenez,Blakemore,08/10/1988,M,22696 Alpine Street,Eastern Suburbs Mc,New South Wales,1315
33-2199050,Alta,Bote,11/07/1976,F,9 Ramsey Center,Sydney,New South Wales,1028
08-2616725,Court,Pascow,05/12/1989,M,0 Brickson Park Way,Sydney,New South Wales,1206
63-8993210,Brier,O'Fallon,26/01/1973,F,1528 Summer Ridge Park,Melbourne,Victoria,8383
56-6147620,Everett,Monkley,26/10/1987,M,9 Old Gate Point,Melbourne,Victoria,8045
04-2999152,Ealasaid,Shapland,15/03/1973,F,787 Harper Circle,Australia Square,New South Wales,1213
11-3825027,Mayne,Creer,11/11/1983,M,306 Maple Pass,Adelaide Mail Centre,South Australia,5889
31-4002719,Tito,Bartleman,04/04/1973,M,6093 Kim Terrace,Sydney,New South Wales,1206
81-9552117,Tasha,Girardengo,24/11/1971,F,4 Union Way,Adelaide Mail Centre,South Australia,5899
43-3930318,Adolf,Pennycuick,24/01/1983,M,82 Corry Place,Sydney,New South Wales,1130
38-1170334,Birgitta,Ellerton,14/09/1985,F,45288 Nova Drive,Perth,Western Australia,6843
89-2343060,Ty,Grioli,09/03/1973,M,3370 Moose Point,Melbourne,Victoria,8383
59-1747015,Dieter,Mapam,09/01/1988,M,15693 Harper Street,Launceston,Tasmania,7904
61-5460447,Ellwood,Styles,26/11/1988,M,6 Sommers Avenue,Sydney,New South Wales,1043
01-9382309,Raye,Delooze,30/04/1973,F,788 Ronald Regan Trail,Sydney,New South Wales,1206
74-3842266,Jilli,Petrashov,22/10/1986,F,551 Blackbird Lane,Hobart,Tasmania,7803
42-6700628,Timotheus,Fernandes,26/02/1971,M,294 Burning Wood Road,Northern Suburbs Mc,New South Wales,1694
76-4973958,Carmon,Tremonte,15/05/1979,F,8327 Mcbride Plaza,Adelaide Mail Centre,South Australia,5869
66-0800417,Elfreda,Hurren,02/11/1970,F,93524 Southridge Pass,Sydney South,New South Wales,1235
34-2141144,Norris,Rawlin,17/05/1978,M,1 Spohn Lane,Adelaide Mail Centre,South Australia,5899
38-2311027,Talya,Rapp,29/12/1978,F,46181 Village Hill,Melbourne,Victoria,8045
50-0882549,Isabelita,Austick,27/08/1975,F,60 Gulseth Junction,Eastern Suburbs Mc,New South Wales,1325
58-1194771,Adolphe,Macconachy,28/10/1974,M,4141 Jana Drive,Perth,Western Australia,6843
68-4144096,Jareb,Udale,11/03/1979,M,946 Bashford Alley,Perth,Western Australia,6817
17-4016718,Svend,Jakuszewski,04/08/1989,M,71 Oxford Avenue,Sydney,New South Wales,1191
59-9610865,Zane,Luca,24/06/1977,M,323 Coolidge Park,Melbourne,Victoria,8383
50-3715653,Esme,Cauldfield,18/10/1984,F,96 Blackbird Parkway,Adelaide Mail Centre,South Australia,5889
76-1462262,Giffard,Wyvill,27/03/1985,M,581 Carey Lane,Sydney,New South Wales,1191
18-6984842,Selma,Strut,30/09/1989,F,74 Lake View Terrace,Northern Suburbs Mc,New South Wales,1694
58-4643494,Maia,Artus,13/06/1975,F,85320 Eastlawn Way,Eastern Suburbs Mc,New South Wales,1315
13-4471419,Baird,Hedgeman,13/01/1975,M,71859 Talisman Terrace,Sydney,New South Wales,1206
95-1727415,Tito,Sabey,30/09/1989,M,5083 Buhler Drive,Eastern Suburbs Mc,New South Wales,1315
42-0852987,Dick,Landeg,21/06/1982,M,22 Memorial Court,Sydney,New South Wales,1206
51-8125935,Karoly,Glass,07/03/1972,F,6739 Transport Lane,Sydney,New South Wales,1191
93-6344337,Noach,Simonett,12/04/1974,M,4460 Drewry Hill,Sydney,New South Wales,1043
35-7565504,Joly,Whapham,30/07/1973,F,93526 Sutherland Point,Eastern Suburbs Mc,New South Wales,1325
96-0580288,Reuben,Frearson,04/08/1980,M,6 Hauk Crossing,Sydney South,New South Wales,1235
89-2360262,Judd,Belliard,18/12/1978,M,1 Pierstorff Way,Adelaide Mail Centre,South Australia,5899
70-6509416,Twila,Juden,28/09/1975,F,449 Scoville Court,Sydney,New South Wales,1196
61-9831853,Leonardo,Rearie,12/01/1972,M,31 Northwestern Trail,Melbourne,Victoria,8383
63-1651056,Gilbertina,Dallman,27/05/1983,F,5 Derek Court,Sydney,New South Wales,1181
34-9762290,Carey,Goulborne,24/11/1989,M,39 Toban Park,Sydney,New South Wales,1134
91-1309160,Haven,Gaven,08/10/1982,M,799 Cambridge Trail,Sydney,New South Wales,1009
49-6653536,Valentin,Litchmore,13/12/1987,M,94 Wayridge Point,Sydney,New South Wales,1196
57-0946395,Augy,Schober,17/04/1983,M,58237 Johnson Circle,Sydney South,New South Wales,1235
78-0826346,Mavra,Grimshaw,26/04/1978,F,9268 Almo Avenue,Australia Square,New South Wales,1213
99-7129768,Allissa,Saffer,21/08/1982,F,3053 Shasta Hill,Sydney,New South Wales,1134
15-3082340,Rogerio,Losano,05/05/1989,M,140 Coleman Center,Sydney,New South Wales,1161
79-4370801,Gannon,Cosh,31/08/1973,M,98603 Oriole Drive,Sydney,New South Wales,1161
21-1937515,Kaspar,McPhail,15/07/1988,M,020 Amoth Point,Perth,Western Australia,6843
68-6891894,Zondra,McMenemy,31/03/1974,F,4354 Messerschmidt Point,Launceston,Tasmania,7904
96-1993164,Franchot,Steinhammer,10/09/1986,M,649 Erie Circle,Sydney,New South Wales,1134
86-1368126,Ahmad,Bewsey,21/05/1970,M,61 Anzinger Court,Sydney,New South Wales,1206
41-1458749,Evelyn,Turnpenny,03/09/1972,M,08 Hudson Crossing,Launceston,Tasmania,7904
02-7112823,Luise,Maple,10/12/1982,F,325 Erie Park,Strawberry Hills,New South Wales,1424
14-1611988,Karlene,Adamthwaite,29/12/1970,F,319 Milwaukee Street,Northern Suburbs Mc,New South Wales,1694
14-9301663,Ravi,Merveille,01/02/1986,M,39 Golf View Trail,Sydney South,New South Wales,1235
59-7035894,Chaddy,Quodling,24/08/1977,M,452 Menomonie Place,Hobart,Tasmania,7803
48-1344344,Angelita,Zealey,22/01/1989,F,5 Westend Point,Sydney,New South Wales,1043
92-7328382,Liz,Durnill,17/07/1982,F,724 Kensington Circle,Sydney,New South Wales,1191
52-6654463,Hansiain,Cliss,27/09/1981,M,049 Vera Parkway,Sydney,New South Wales,1171
23-0782844,Chauncey,Vanes,11/02/1986,M,97038 Ohio Point,Perth,Western Australia,6817
